Nico Hischier,46.21,9,  KKUPFL ADP: 45.84  |  Elite Prospects Rank: 41.0  |  Steve Laidlaw Rank: 71  |  NHL.com (Points): 29  |  DOM RK (KKUPFL): 46
Andrei Svechnikov,48.15,9,  KKUPFL ADP: 46.98  |  Elite Prospects Rank: 80.0  |  Steve Laidlaw Rank: 50  |  NHL.com (Points): 45  |  DOM RK (KKUPFL): 45
Moritz Seider,50.33,7,  KKUPFL ADP: 73.45  |  Elite Prospects Rank: 87.0  |  Steve Laidlaw Rank: 115  |  DOM RK (KKUPFL): 37
Artemi Panarin,51.65,9,  KKUPFL ADP: 37.64  |  Elite Prospects Rank: 27.0  |  Steve Laidlaw Rank: 19  |  NHL.com (Points): 17  |  DOM RK (KKUPFL): 63
Matt Boldy,53.64,8,  KKUPFL ADP: 76.19  |  Elite Prospects Rank: 75.0  |  Steve Laidlaw Rank: 51  |  NHL.com (Points): 65  |  DOM RK (KKUPFL): 48
Zach Hyman,54.94,9,  KKUPFL ADP: 44.89  |  Elite Prospects Rank: 66.0  |  Steve Laidlaw Rank: 53  |  NHL.com (Points): 46  |  DOM RK (KKUPFL): 56
Victor Hedman,55.58,8,  KKUPFL ADP: 75.19  |  Elite Prospects Rank: 111.0  |  Steve Laidlaw Rank: 42  |  DOM RK (KKUPFL): 49
Alex Tuch,56.21,9,  KKUPFL ADP: 46.47  |  Elite Prospects Rank: 59.0  |  Steve Laidlaw Rank: 78  |  NHL.com (Points): 34  |  DOM RK (KKUPFL): 57
Dylan Larkin,58.82,9,  KKUPFL ADP: 56.64  |  Elite Prospects Rank: 60.0  |  Steve Laidlaw Rank: 57  |  NHL.com (Points): 32  |  DOM RK (KKUPFL): 62
Alex Debrincat,59.51,9,  KKUPFL ADP: 42.42  |  Elite Prospects Rank: 97.0  |  Steve Laidlaw Rank: 33  |  NHL.com (Points): 61  |  DOM RK (KKUPFL): 60
Roope Hintz,60.53,9,  KKUPFL ADP: 38.7  |  Elite Prospects Rank: 42.0  |  Steve Laidlaw Rank: 54  |  NHL.com (Points): 19  |  DOM RK (KKUPFL): 70
Ilya Samsonov,63.08,7,  KKUPFL ADP: 134.58  |  Elite Prospects Rank: 67.0  |  DOM RK (KKUPFL): 55
Jacob Markstrom,64.61,7,  KKUPFL ADP: 167.53  |  Elite Prospects Rank: 126.0  |  DOM RK (KKUPFL): 47
Kevin Fiala,64.76,9,  KKUPFL ADP: 45.8  |  Elite Prospects Rank: 46.0  |  Steve Laidlaw Rank: 45  |  NHL.com (Points): 64  |  DOM RK (KKUPFL): 71
Jordan Kyrou,66.19,9,  KKUPFL ADP: 57.86  |  Elite Prospects Rank: 74.0  |  Steve Laidlaw Rank: 75  |  NHL.com (Points): 41  |  DOM RK (KKUPFL): 68
Johnny Gaudreau,66.7,9,  KKUPFL ADP: 57.64  |  Elite Prospects Rank: 45.0  |  Steve Laidlaw Rank: 61  |  NHL.com (Points): 35  |  DOM RK (KKUPFL): 74
Ryan Nugent-Hopkins,68.54,9,  KKUPFL ADP: 46.2  |  Elite Prospects Rank: 47.0  |  Steve Laidlaw Rank: 28  |  NHL.com (Points): 18  |  DOM RK (KKUPFL): 83
Travis Konecny,69.66,9,  KKUPFL ADP: 61.75  |  Elite Prospects Rank: 118.0  |  Steve Laidlaw Rank: 85  |  NHL.com (Points): 48  |  DOM RK (KKUPFL): 66
Sergei Bobrovsky,72.42,7,  KKUPFL ADP: 165.47  |  Elite Prospects Rank: 114.0  |  DOM RK (KKUPFL): 58
Stuart Skinner,73.2,7,  KKUPFL ADP: 121.61  |  Elite Prospects Rank: 64.0  |  DOM RK (KKUPFL): 69
Josh Morrissey,73.49,8,  KKUPFL ADP: 68.69  |  Elite Prospects Rank: 53.0  |  Steve Laidlaw Rank: 66  |  DOM RK (KKUPFL): 77
Carter Verhaeghe,74.34,9,  KKUPFL ADP: 64.89  |  Elite Prospects Rank: 122.0  |  Steve Laidlaw Rank: 110  |  NHL.com (Points): 69  |  DOM RK (KKUPFL): 67
Quinn Hughes,74.47,8,  KKUPFL ADP: 67.52  |  Elite Prospects Rank: 19.0  |  Steve Laidlaw Rank: 48  |  DOM RK (KKUPFL): 84
Filip Forsberg,74.61,9,  KKUPFL ADP: 66.09  |  Elite Prospects Rank: 72.0  |  Steve Laidlaw Rank: 38  |  NHL.com (Points): 72  |  DOM RK (KKUPFL): 80
Pavel Buchnevich,75.35,9,  KKUPFL ADP: 84.72  |  Elite Prospects Rank: 90.0  |  Steve Laidlaw Rank: 64  |  NHL.com (Points): 66  |  DOM RK (KKUPFL): 75
Brad Marchand,77.13,9,  KKUPFL ADP: 58.73  |  Elite Prospects Rank: 91.0  |  Steve Laidlaw Rank: 24  |  NHL.com (Points): 24  |  DOM RK (KKUPFL): 89
Mikhail Sergachev,77.72,8,  KKUPFL ADP: 71.23  |  Elite Prospects Rank: 86.0  |  Steve Laidlaw Rank: 120  |  DOM RK (KKUPFL): 73
Jordan Binnington,78.17,7,  KKUPFL ADP: 221.95  |  Elite Prospects Rank: 188.0  |  DOM RK (KKUPFL): 51
Bo Horvat,78.22,9,  KKUPFL ADP: 109.61  |  Elite Prospects Rank: 134.0  |  Steve Laidlaw Rank: 96  |  NHL.com (Points): 106  |  DOM RK (KKUPFL): 64
Dylan Cozens,79.28,9,  KKUPFL ADP: 119.03  |  Elite Prospects Rank: 58.0  |  Steve Laidlaw Rank: 94  |  NHL.com (Points): 58  |  DOM RK (KKUPFL): 78
Mark Scheifele,80.45,9,  KKUPFL ADP: 90.95  |  Elite Prospects Rank: 55.0  |  Steve Laidlaw Rank: 72  |  NHL.com (Points): 52  |  DOM RK (KKUPFL): 86
Linus Ullmark,81.73,7,  KKUPFL ADP: 114.31  |  Elite Prospects Rank: 56.0  |  DOM RK (KKUPFL): 81
Adrian Kempe,83.41,9,  KKUPFL ADP: 61.77  |  Elite Prospects Rank: 138.0  |  Steve Laidlaw Rank: 77  |  NHL.com (Points): 70  |  DOM RK (KKUPFL): 82
John Gibson,83.57,7,  KKUPFL ADP: 209.49  |  Elite Prospects Rank: 187.0  |  DOM RK (KKUPFL): 59
Patrik Laine,83.85,9,  KKUPFL ADP: 63.72  |  Elite Prospects Rank: 94.0  |  Steve Laidlaw Rank: 59  |  NHL.com (Points): 80  |  DOM RK (KKUPFL): 88
Jeff Skinner,84.38,9,  KKUPFL ADP: 84.12  |  Elite Prospects Rank: 70.0  |  Steve Laidlaw Rank: 82  |  NHL.com (Points): 49  |  DOM RK (KKUPFL): 90
Darcy Kuemper,85.6,7,  KKUPFL ADP: 142.09  |  Elite Prospects Rank: 156.0  |  DOM RK (KKUPFL): 72
Sam Reinhart,88.11,9,  KKUPFL ADP: 86.52  |  Elite Prospects Rank: 83.0  |  Steve Laidlaw Rank: 63  |  NHL.com (Points): 93  |  DOM RK (KKUPFL): 91
Joe Pavelski,88.39,9,  KKUPFL ADP: 86.17  |  Elite Prospects Rank: 92.0  |  Steve Laidlaw Rank: 58  |  NHL.com (Points): 37  |  DOM RK (KKUPFL): 97
Joel Eriksson Ek,89.75,9,  KKUPFL ADP: 114.34  |  Elite Prospects Rank: 128.0  |  Steve Laidlaw Rank: 95  |  NHL.com (Points): 122  |  DOM RK (KKUPFL): 79
Chris Kreider,89.78,9,  KKUPFL ADP: 111.78  |  Elite Prospects Rank: 115.0  |  Steve Laidlaw Rank: 90  |  NHL.com (Points): 87  |  DOM RK (KKUPFL): 85
Elias Lindholm,90.13,9,  KKUPFL ADP: 98.7  |  Elite Prospects Rank: 76.0  |  Steve Laidlaw Rank: 100  |  NHL.com (Points): 59  |  DOM RK (KKUPFL): 93
Adin Hill,90.73,7,  KKUPFL ADP: 203.62  |  Elite Prospects Rank: 218.0  |  DOM RK (KKUPFL): 65
Jesper Bratt,91.44,9,  KKUPFL ADP: 75.16  |  Elite Prospects Rank: 54.0  |  Steve Laidlaw Rank: 88  |  NHL.com (Points): 50  |  DOM RK (KKUPFL): 102
Alex Pietrangelo,92.7,8,  KKUPFL ADP: 83.28  |  Elite Prospects Rank: 125.0  |  Steve Laidlaw Rank: 123  |  DOM RK (KKUPFL): 87
Valeri Nichushkin,94.54,9,  KKUPFL ADP: 90.86  |  Elite Prospects Rank: 127.0  |  Steve Laidlaw Rank: 89  |  NHL.com (Points): 67  |  DOM RK (KKUPFL): 95
Seth Jones,95.33,8,  KKUPFL ADP: 109.12  |  Elite Prospects Rank: 102.0  |  Steve Laidlaw Rank: 106  |  DOM RK (KKUPFL): 92
Vitek Vanecek,95.38,7,  KKUPFL ADP: 146.59  |  Elite Prospects Rank: 57.0  |  DOM RK (KKUPFL): 94
John Carlson,95.4,8,  KKUPFL ADP: 44.56  |  Elite Prospects Rank: 169.0  |  Steve Laidlaw Rank: 39  |  DOM RK (KKUPFL): 99
Connor Bedard,95.77,6,  KKUPFL ADP: 51.89  |  Elite Prospects Rank: 63.0  |  Steve Laidlaw Rank: 83  |  NHL.com (Points): 43  |  DOM RK (KKUPFL): 111
Jonathan Marchessault,98.97,9,  KKUPFL ADP: 101.33  |  Elite Prospects Rank: 146.0  |  Steve Laidlaw Rank: 65  |  NHL.com (Points): 74  |  DOM RK (KKUPFL): 100
Charlie Mcavoy,99.16,8,  KKUPFL ADP: 90.3  |  Elite Prospects Rank: 93.0  |  Steve Laidlaw Rank: 97  |  DOM RK (KKUPFL): 101
Trevor Zegras,99.5,9,  KKUPFL ADP: 109.72  |  Elite Prospects Rank: 50.0  |  Steve Laidlaw Rank: 130  |  NHL.com (Points): 57  |  DOM RK (KKUPFL): 105
Troy Terry,101.69,9,  KKUPFL ADP: 110.14  |  Elite Prospects Rank: 104.0  |  Steve Laidlaw Rank: 136  |  NHL.com (Points): 91  |  DOM RK (KKUPFL): 98
Jonathan Huberdeau,102.84,9,  KKUPFL ADP: 79.52  |  Elite Prospects Rank: 65.0  |  Steve Laidlaw Rank: 74  |  NHL.com (Points): 42  |  DOM RK (KKUPFL): 119
Martin Necas,104.6,9,  KKUPFL ADP: 94.0  |  Elite Prospects Rank: 78.0  |  Steve Laidlaw Rank: 70  |  NHL.com (Points): 98  |  DOM RK (KKUPFL): 113
Pierre-Luc Dubois,104.78,9,  KKUPFL ADP: 97.75  |  Elite Prospects Rank: 131.0  |  Steve Laidlaw Rank: 73  |  NHL.com (Points): 78  |  DOM RK (KKUPFL): 109
Mat Barzal,105.0,1,  Steve Laidlaw Rank: 105
Kris Letang,105.17,8,  KKUPFL ADP: 94.38  |  Elite Prospects Rank: 123.0  |  Steve Laidlaw Rank: 109  |  DOM RK (KKUPFL): 104
Zach Werenski,106.12,8,  KKUPFL ADP: 70.52  |  Elite Prospects Rank: 100.0  |  Steve Laidlaw Rank: 37  |  DOM RK (KKUPFL): 118
Cole Caufield,106.69,9,  KKUPFL ADP: 69.19  |  Elite Prospects Rank: 96.0  |  Steve Laidlaw Rank: 108  |  NHL.com (Points): 76  |  DOM RK (KKUPFL): 115
Elvis Merzlikins,107.41,6,  KKUPFL ADP: 213.88  |  DOM RK (KKUPFL): 96
Noah Dobson,108.87,8,  KKUPFL ADP: 94.39  |  Elite Prospects Rank: 107.0  |  Steve Laidlaw Rank: 68  |  DOM RK (KKUPFL): 115
Brandon Hagel,108.95,9,  KKUPFL ADP: 146.33  |  Elite Prospects Rank: 88.0  |  Steve Laidlaw Rank: 145  |  NHL.com (Points): 112  |  DOM RK (KKUPFL): 103
Jared Mccann,109.66,9,  KKUPFL ADP: 106.09  |  Elite Prospects Rank: 132.0  |  Steve Laidlaw Rank: 116  |  NHL.com (Points): 100  |  DOM RK (KKUPFL): 108
Brandon Montour,110.53,8,  KKUPFL ADP: 70.16  |  Elite Prospects Rank: 182.0  |  Steve Laidlaw Rank: 47  |  DOM RK (KKUPFL): 114
Evgeni Malkin,111.05,9,  KKUPFL ADP: 75.06  |  Elite Prospects Rank: 73.0  |  Steve Laidlaw Rank: 29  |  NHL.com (Points): 25  |  DOM RK (KKUPFL): 137
Matty Beniers,112.36,8,  KKUPFL ADP: 146.86  |  Elite Prospects Rank: 95.0  |  Steve Laidlaw Rank: 179  |  NHL.com (Points): 88  |  DOM RK (KKUPFL): 106
Brock Nelson,112.56,9,  KKUPFL ADP: 136.16  |  Elite Prospects Rank: 144.0  |  Steve Laidlaw Rank: 143  |  NHL.com (Points): 51  |  DOM RK (KKUPFL): 110
Brent Burns,113.15,8,  KKUPFL ADP: 78.17  |  Elite Prospects Rank: 98.0  |  Steve Laidlaw Rank: 62  |  DOM RK (KKUPFL): 124
Devon Levi,115.2,5,  KKUPFL ADP: 192.48  |  Elite Prospects Rank: 114.5  |  DOM RK (KKUPFL): 107
Shea Theodore,116.04,8,  KKUPFL ADP: 103.55  |  Elite Prospects Rank: 103.0  |  Steve Laidlaw Rank: 86  |  DOM RK (KKUPFL): 122
Justin Faulk,116.19,7,  KKUPFL ADP: 134.48  |  Steve Laidlaw Rank: 137  |  DOM RK (KKUPFL): 112
Phillipp Grubauer,117.0,1,  Elite Prospects Rank: 117.0
Drake Batherson,117.62,9,  KKUPFL ADP: 96.28  |  Elite Prospects Rank: 137.0  |  Steve Laidlaw Rank: 55  |  NHL.com (Points): 132  |  DOM RK (KKUPFL): 123
Morgan Rielly,118.07,8,  KKUPFL ADP: 111.56  |  Elite Prospects Rank: 79.0  |  Steve Laidlaw Rank: 99  |  DOM RK (KKUPFL): 125
Nick Suzuki,119.02,9,  KKUPFL ADP: 136.58  |  Elite Prospects Rank: 77.0  |  Steve Laidlaw Rank: 117  |  NHL.com (Points): 71  |  DOM RK (KKUPFL): 127
Nikolaj Ehlers,121.91,9,  KKUPFL ADP: 81.19  |  Elite Prospects Rank: 109.0  |  Steve Laidlaw Rank: 104  |  NHL.com (Points): 90  |  DOM RK (KKUPFL): 133
Anze Kopitar,122.94,9,  KKUPFL ADP: 111.52  |  Elite Prospects Rank: 108.0  |  Steve Laidlaw Rank: 107  |  NHL.com (Points): 62  |  DOM RK (KKUPFL): 134
Vince Dunn,123.13,8,  KKUPFL ADP: 104.64  |  Elite Prospects Rank: 106.0  |  Steve Laidlaw Rank: 132  |  DOM RK (KKUPFL): 126
Mathew Barzal,123.29,8,  KKUPFL ADP: 135.91  |  Elite Prospects Rank: 89.0  |  NHL.com (Points): 73  |  DOM RK (KKUPFL): 131
Claude Giroux,124.29,9,  KKUPFL ADP: 79.56  |  Elite Prospects Rank: 112.0  |  Steve Laidlaw Rank: 84  |  NHL.com (Points): 47  |  DOM RK (KKUPFL): 143
Devon Toews,125.68,8,  KKUPFL ADP: 129.11  |  Elite Prospects Rank: 160.0  |  Steve Laidlaw Rank: 141  |  DOM RK (KKUPFL): 120
Rasmus Andersson,127.26,8,  KKUPFL ADP: 127.88  |  Elite Prospects Rank: 113.0  |  Steve Laidlaw Rank: 134  |  DOM RK (KKUPFL): 128
Philipp Grubauer,128.48,6,  KKUPFL ADP: 198.29  |  DOM RK (KKUPFL): 121
Darnell Nurse,130.77,7,  KKUPFL ADP: 105.72  |  Steve Laidlaw Rank: 163  |  DOM RK (KKUPFL): 130
Carter Hart,130.92,7,  KKUPFL ADP: 185.42  |  Elite Prospects Rank: 225.0  |  DOM RK (KKUPFL): 115
Mats Zuccarello,132.24,9,  KKUPFL ADP: 122.47  |  Elite Prospects Rank: 119.0  |  Steve Laidlaw Rank: 56  |  NHL.com (Points): 75  |  DOM RK (KKUPFL): 149
Rickard Rakell,132.48,9,  KKUPFL ADP: 114.11  |  Elite Prospects Rank: 179.0  |  Steve Laidlaw Rank: 80  |  NHL.com (Points): 124  |  DOM RK (KKUPFL): 136
Nazem Kadri,132.52,9,  KKUPFL ADP: 145.89  |  Elite Prospects Rank: 116.0  |  Steve Laidlaw Rank: 69  |  NHL.com (Points): 92  |  DOM RK (KKUPFL): 144
Tomas Hertl,132.58,9,  KKUPFL ADP: 161.8  |  Elite Prospects Rank: 121.0  |  Steve Laidlaw Rank: 103  |  NHL.com (Points): 94  |  DOM RK (KKUPFL): 138
Joonas Korpisalo,134.64,7,  KKUPFL ADP: 173.91  |  Elite Prospects Rank: 148.0  |  DOM RK (KKUPFL): 129
Frederik Andersen,134.87,7,  KKUPFL ADP: 166.58  |  Elite Prospects Rank: 130.0  |  DOM RK (KKUPFL): 132
Gabe Vilardi,135.0,1,  Steve Laidlaw Rank: 135
Artturi Lehkonen,137.31,9,  KKUPFL ADP: 151.41  |  Elite Prospects Rank: 173.0  |  Steve Laidlaw Rank: 114  |  NHL.com (Points): 95  |  DOM RK (KKUPFL): 139
Thomas Chabot,137.41,8,  KKUPFL ADP: 122.75  |  Elite Prospects Rank: 85.0  |  Steve Laidlaw Rank: 87  |  DOM RK (KKUPFL): 150
Nick Schmaltz,138.35,9,  KKUPFL ADP: 132.39  |  Elite Prospects Rank: 124.0  |  Steve Laidlaw Rank: 152  |  NHL.com (Points): 83  |  DOM RK (KKUPFL): 145
Owen Tippett,138.56,9,  KKUPFL ADP: 134.53  |  Elite Prospects Rank: 172.0  |  Steve Laidlaw Rank: 148  |  NHL.com (Points): 133  |  DOM RK (KKUPFL): 135
Jakob Chychrun,138.63,8,  KKUPFL ADP: 102.47  |  Elite Prospects Rank: 171.0  |  Steve Laidlaw Rank: 111  |  DOM RK (KKUPFL): 142
Mike Matheson,139.74,8,  KKUPFL ADP: 111.52  |  Elite Prospects Rank: 161.0  |  Steve Laidlaw Rank: 79  |  DOM RK (KKUPFL): 147
Tj Oshie,140.0,1,  Steve Laidlaw Rank: 140
Vincent Trocheck,140.0,9,  KKUPFL ADP: 129.72  |  Elite Prospects Rank: 110.0  |  Steve Laidlaw Rank: 92  |  NHL.com (Points): 107  |  DOM RK (KKUPFL): 153
Mark Stone,140.03,9,  KKUPFL ADP: 111.69  |  Elite Prospects Rank: 105.0  |  Steve Laidlaw Rank: 101  |  NHL.com (Points): 56  |  DOM RK (KKUPFL): 160
Jake Debrusk,140.68,9,  KKUPFL ADP: 133.73  |  Elite Prospects Rank: 149.0  |  Steve Laidlaw Rank: 176  |  NHL.com (Points): 101  |  DOM RK (KKUPFL): 141
Andrei Kuzmenko,141.98,7,  KKUPFL ADP: 109.38  |  Elite Prospects Rank: 71.0  |  Steve Laidlaw Rank: 185  |  NHL.com (Points): 53  |  DOM RK (KKUPFL): 158
Taylor Hall,142.04,9,  KKUPFL ADP: 157.52  |  Elite Prospects Rank: 153.0  |  Steve Laidlaw Rank: 142  |  NHL.com (Points): 60  |  DOM RK (KKUPFL): 148
Drew Doughty,143.71,8,  KKUPFL ADP: 120.47  |  Elite Prospects Rank: 101.0  |  Steve Laidlaw Rank: 67  |  DOM RK (KKUPFL): 159
Ville Husso,144.15,6,  KKUPFL ADP: 182.89  |  DOM RK (KKUPFL): 140
Tyler Toffoli,145.38,9,  KKUPFL ADP: 90.08  |  Elite Prospects Rank: 154.0  |  Steve Laidlaw Rank: 91  |  NHL.com (Points): 82  |  DOM RK (KKUPFL): 163
Logan Couture,146.07,9,  KKUPFL ADP: 170.94  |  Elite Prospects Rank: 178.0  |  Steve Laidlaw Rank: 127  |  NHL.com (Points): 109  |  DOM RK (KKUPFL): 146
Jacob Trouba,149.62,7,  KKUPFL ADP: 118.33  |  Steve Laidlaw Rank: 168  |  DOM RK (KKUPFL): 151
Dawson Mercer,149.95,8,  KKUPFL ADP: 152.7  |  Elite Prospects Rank: 141.0  |  Steve Laidlaw Rank: 201  |  NHL.com (Points): 86  |  DOM RK (KKUPFL): 152
Jamie Benn,149.97,8,  KKUPFL ADP: 150.94  |  Elite Prospects Rank: 159.0  |  Steve Laidlaw Rank: 93  |  DOM RK (KKUPFL): 155
Nick Backstrom,151.0,1,  Steve Laidlaw Rank: 151
Sean Durzi,155.68,6,  KKUPFL ADP: 159.33  |  Steve Laidlaw Rank: 149  |  DOM RK (KKUPFL): 156
Robert Thomas,156.19,9,  KKUPFL ADP: 166.84  |  Elite Prospects Rank: 84.0  |  Steve Laidlaw Rank: 126  |  NHL.com (Points): 63  |  DOM RK (KKUPFL): 176
Karel Vejmelka,156.24,6,  KKUPFL ADP: 224.41  |  Elite Prospects Rank: 81.0  |  DOM RK (KKUPFL): 157
Pheonix Copley,159.43,6,  KKUPFL ADP: 224.55  |  Elite Prospects Rank: 145.0  |  DOM RK (KKUPFL): 154
Lucas Raymond,163.71,8,  KKUPFL ADP: 175.41  |  Elite Prospects Rank: 99.0  |  Steve Laidlaw Rank: 170  |  NHL.com (Points): 105  |  DOM RK (KKUPFL): 175
Viktor Arvidsson,164.07,9,  KKUPFL ADP: 137.22  |  Elite Prospects Rank: 168.0  |  Steve Laidlaw Rank: 118  |  NHL.com (Points): 103  |  DOM RK (KKUPFL): 178
Vladimir Tarasenko,164.13,9,  KKUPFL ADP: 118.11  |  Elite Prospects Rank: 82.0  |  Steve Laidlaw Rank: 164  |  NHL.com (Points): 79  |  DOM RK (KKUPFL): 187
Evander Kane,164.39,9,  KKUPFL ADP: 54.52  |  Elite Prospects Rank: 152.0  |  Steve Laidlaw Rank: 60  |  NHL.com (Points): 68  |  DOM RK (KKUPFL): 199
Mackenzie Weegar,164.54,6,  KKUPFL ADP: 160.2  |  DOM RK (KKUPFL): 165
Brayden Schenn,164.75,9,  KKUPFL ADP: 192.7  |  Elite Prospects Rank: 166.0  |  Steve Laidlaw Rank: 131  |  NHL.com (Points): 111  |  DOM RK (KKUPFL): 171
Tye Kartye,165.0,1,  NHL.com (Points): 165
Pavel Zacha,165.22,9,  KKUPFL ADP: 171.2  |  Elite Prospects Rank: 120.0  |  Steve Laidlaw Rank: 239  |  NHL.com (Points): 114  |  DOM RK (KKUPFL): 167
Gustav Forsling,165.96,7,  KKUPFL ADP: 164.89  |  Steve Laidlaw Rank: 204  |  DOM RK (KKUPFL): 162
David Perron,166.07,9,  KKUPFL ADP: 181.28  |  Elite Prospects Rank: 192.0  |  Steve Laidlaw Rank: 81  |  NHL.com (Points): 136  |  DOM RK (KKUPFL): 174
Noah Hanifin,166.78,8,  KKUPFL ADP: 223.3  |  Elite Prospects Rank: 150.0  |  Steve Laidlaw Rank: 181  |  DOM RK (KKUPFL): 161
Sam Bennett,167.34,9,  KKUPFL ADP: 171.81  |  Elite Prospects Rank: 233.0  |  Steve Laidlaw Rank: 125  |  NHL.com (Points): 96  |  DOM RK (KKUPFL): 172
Kaapo Kahkonen,168.0,5,  DOM RK (KKUPFL): 168
Jeremy Swayman,168.66,6,  KKUPFL ADP: 212.18  |  DOM RK (KKUPFL): 164
Adam Larsson,169.46,6,  KKUPFL ADP: 173.72  |  DOM RK (KKUPFL): 169
Josh Norris,169.5,9,  KKUPFL ADP: 129.72  |  Elite Prospects Rank: 140.0  |  Steve Laidlaw Rank: 112  |  NHL.com (Points): 77  |  DOM RK (KKUPFL): 193
Mason Mctavish,172.18,8,  KKUPFL ADP: 226.08  |  Elite Prospects Rank: 158.0  |  Steve Laidlaw Rank: 178  |  NHL.com (Points): 119  |  DOM RK (KKUPFL): 173
Boone Jenner,173.08,9,  KKUPFL ADP: 148.34  |  Elite Prospects Rank: 216.0  |  Steve Laidlaw Rank: 138  |  NHL.com (Points): 116  |  DOM RK (KKUPFL): 181
Chandler Stephenson,174.77,9,  KKUPFL ADP: 191.23  |  Elite Prospects Rank: 129.0  |  Steve Laidlaw Rank: 161  |  NHL.com (Points): 113  |  DOM RK (KKUPFL): 186
Cam Fowler,174.97,7,  KKUPFL ADP: 222.31  |  Steve Laidlaw Rank: 174  |  DOM RK (KKUPFL): 170
Brandt Clarke,175.59,5,  KKUPFL ADP: 243.67  |  Steve Laidlaw Rank: 197  |  DOM RK (KKUPFL): 166
Tom Wilson,175.65,9,  KKUPFL ADP: 148.39  |  Elite Prospects Rank: 199.0  |  Steve Laidlaw Rank: 113  |  NHL.com (Points): 155  |  DOM RK (KKUPFL): 185
Anders Lee,179.74,9,  KKUPFL ADP: 194.89  |  Elite Prospects Rank: 214.0  |  Steve Laidlaw Rank: 146  |  NHL.com (Points): 143  |  DOM RK (KKUPFL): 182
Andre Burakovsky,180.76,9,  KKUPFL ADP: 221.8  |  Elite Prospects Rank: 183.0  |  Steve Laidlaw Rank: 122  |  NHL.com (Points): 110  |  DOM RK (KKUPFL): 190
Evgenii Dadonov,181.0,4,  NHL.com (Points): 181
Tommy Novak,181.33,3,  Elite Prospects Rank: 249.0  |  Steve Laidlaw Rank: 158  |  NHL.com (Points): 137
Jared Spurgeon,181.65,7,  KKUPFL ADP: 196.73  |  Steve Laidlaw Rank: 154  |  DOM RK (KKUPFL): 183
Andrew Mangiapane,181.8,9,  KKUPFL ADP: 234.03  |  Elite Prospects Rank: 210.0  |  Steve Laidlaw Rank: 172  |  NHL.com (Points): 156  |  DOM RK (KKUPFL): 177
Alex Killorn,181.91,9,  KKUPFL ADP: 216.41  |  Elite Prospects Rank: 191.0  |  Steve Laidlaw Rank: 190  |  NHL.com (Points): 148  |  DOM RK (KKUPFL): 180
Patrick Kane,184.35,6,  KKUPFL ADP: 150.25  |  DOM RK (KKUPFL): 188
Bryan Rust,185.39,9,  KKUPFL ADP: 188.17  |  Elite Prospects Rank: 229.0  |  Steve Laidlaw Rank: 133  |  NHL.com (Points): 139  |  DOM RK (KKUPFL): 191
Hampus Lindholm,186.71,8,  KKUPFL ADP: 158.81  |  Elite Prospects Rank: 167.0  |  Steve Laidlaw Rank: 157  |  DOM RK (KKUPFL): 195
Seth Jarvis,187.52,8,  KKUPFL ADP: 204.21  |  Elite Prospects Rank: 139.0  |  Steve Laidlaw Rank: 213  |  NHL.com (Points): 152  |  DOM RK (KKUPFL): 192
Neal Pionk,187.57,7,  KKUPFL ADP: 224.13  |  Steve Laidlaw Rank: 231  |  DOM RK (KKUPFL): 179
Torey Krug,187.93,8,  KKUPFL ADP: 220.12  |  Elite Prospects Rank: 135.0  |  Steve Laidlaw Rank: 124  |  DOM RK (KKUPFL): 197
Brock Boeser,188.05,9,  KKUPFL ADP: 187.98  |  Elite Prospects Rank: 151.0  |  Steve Laidlaw Rank: 128  |  NHL.com (Points): 127  |  DOM RK (KKUPFL): 205
Ryan Hartman,188.59,9,  KKUPFL ADP: 179.14  |  Elite Prospects Rank: 232.0  |  Steve Laidlaw Rank: 193  |  NHL.com (Points): 81  |  DOM RK (KKUPFL): 196
Ivan Barbashev,189.47,9,  KKUPFL ADP: 164.25  |  Elite Prospects Rank: 194.0  |  Steve Laidlaw Rank: 203  |  NHL.com (Points): 89  |  DOM RK (KKUPFL): 201
Radko Gudas,190.46,6,  KKUPFL ADP: 250.71  |  DOM RK (KKUPFL): 184
Luke Hughes,190.8,5,  KKUPFL ADP: 173.42  |  Steve Laidlaw Rank: 225  |  DOM RK (KKUPFL): 189
Reilly Smith,197.18,9,  KKUPFL ADP: 180.42  |  Elite Prospects Rank: 186.0  |  Steve Laidlaw Rank: 171  |  NHL.com (Points): 169  |  DOM RK (KKUPFL): 206
Dmitry Orlov,198.53,7,  KKUPFL ADP: 231.32  |  Steve Laidlaw Rank: 208  |  DOM RK (KKUPFL): 194
Aaron Ekblad,198.61,8,  KKUPFL ADP: 133.16  |  Elite Prospects Rank: 237.0  |  Steve Laidlaw Rank: 26  |  DOM RK (KKUPFL): 220
Olen Zellweger,200.0,2,  DOM RK (KKUPFL): 200
Tyson Foerster,200.05,3,  KKUPFL ADP: 246.09  |  NHL.com (Points): 154
Jake Sanderson,200.7,5,  KKUPFL ADP: 176.89  |  Steve Laidlaw Rank: 147  |  DOM RK (KKUPFL): 209
K'Andre Miller,201.3,7,  KKUPFL ADP: 178.06  |  Elite Prospects Rank: 162.0  |  DOM RK (KKUPFL): 208
Logan Thompson,202.92,7,  KKUPFL ADP: 194.46  |  Elite Prospects Rank: 220.0  |  DOM RK (KKUPFL): 202
Dylan Dube,203.0,1,  Elite Prospects Rank: 203.0
Anton Forsberg,203.3,6,  KKUPFL ADP: 252.74  |  DOM RK (KKUPFL): 198
Connor Ingram,204.0,7,  DOM RK (KKUPFL): 204
Filip Hronek,204.11,8,  KKUPFL ADP: 228.74  |  Elite Prospects Rank: 170.0  |  Steve Laidlaw Rank: 224  |  DOM RK (KKUPFL): 203
Jeff Petry,205.61,7,  KKUPFL ADP: 210.3  |  Steve Laidlaw Rank: 188  |  DOM RK (KKUPFL): 207
Matt Duchene,206.18,9,  KKUPFL ADP: 178.45  |  Elite Prospects Rank: 180.0  |  Steve Laidlaw Rank: 162  |  NHL.com (Points): 54  |  DOM RK (KKUPFL): 233
Evgeny Kuznetsov,207.31,9,  KKUPFL ADP: 223.42  |  Elite Prospects Rank: 155.0  |  Steve Laidlaw Rank: 121  |  NHL.com (Points): 118  |  DOM RK (KKUPFL): 230
Mikael Backlund,209.92,8,  KKUPFL ADP: 216.67  |  Steve Laidlaw Rank: 205  |  NHL.com (Points): 142  |  DOM RK (KKUPFL): 217
Jordan Eberle,210.38,9,  KKUPFL ADP: 230.36  |  Elite Prospects Rank: 184.0  |  Steve Laidlaw Rank: 183  |  NHL.com (Points): 117  |  DOM RK (KKUPFL): 224
Tyler Bertuzzi,211.82,9,  KKUPFL ADP: 133.56  |  Elite Prospects Rank: 136.0  |  Steve Laidlaw Rank: 129  |  NHL.com (Points): 55  |  DOM RK (KKUPFL): 254
Arvid Soderblom,212.0,4,  DOM RK (KKUPFL): 212
Akira Schmid,213.04,5,  KKUPFL ADP: 241.39  |  DOM RK (KKUPFL): 210
Owen Power,214.32,7,  KKUPFL ADP: 207.97  |  Elite Prospects Rank: 224.0  |  Steve Laidlaw Rank: 214  |  DOM RK (KKUPFL): 214
Alexander Barabanov,214.4,7,  KKUPFL ADP: 252.59  |  Elite Prospects Rank: 212.0  |  Steve Laidlaw Rank: 195  |  NHL.com (Points): 198
Colton Parayko,214.85,6,  KKUPFL ADP: 250.78  |  DOM RK (KKUPFL): 211
Mario Ferraro,215.0,5,  DOM RK (KKUPFL): 215
Mattias Ekholm,216.78,7,  KKUPFL ADP: 184.81  |  Steve Laidlaw Rank: 256  |  DOM RK (KKUPFL): 216
Logan Cooley,217.83,6,  KKUPFL ADP: 236.08  |  Elite Prospects Rank: 222.0  |  Steve Laidlaw Rank: 209  |  NHL.com (Points): 128  |  DOM RK (KKUPFL): 226
Petr Mrazek,218.0,5,  DOM RK (KKUPFL): 218
Nino Niederreiter,218.03,8,  KKUPFL ADP: 248.09  |  Elite Prospects Rank: 234.0  |  Steve Laidlaw Rank: 219  |  DOM RK (KKUPFL): 213
Jakub Vrana,220.46,9,  KKUPFL ADP: 183.48  |  Elite Prospects Rank: 165.0  |  Steve Laidlaw Rank: 169  |  NHL.com (Points): 126  |  DOM RK (KKUPFL): 246
Oliver Bjorkstrand,220.9,9,  KKUPFL ADP: 229.36  |  Elite Prospects Rank: 190.0  |  Steve Laidlaw Rank: 182  |  NHL.com (Points): 188  |  DOM RK (KKUPFL): 231
Phillip Danault,221.03,9,  KKUPFL ADP: 248.11  |  Elite Prospects Rank: 175.0  |  Steve Laidlaw Rank: 271  |  NHL.com (Points): 153  |  DOM RK (KKUPFL): 225
Jack Campbell,222.21,6,  KKUPFL ADP: 252.19  |  DOM RK (KKUPFL): 219
Lukas Reichel,222.29,8,  KKUPFL ADP: 209.89  |  Elite Prospects Rank: 197.0  |  Steve Laidlaw Rank: 230  |  NHL.com (Points): 115  |  DOM RK (KKUPFL): 237
Lawson Crouse,223.88,8,  KKUPFL ADP: 204.79  |  Steve Laidlaw Rank: 186  |  NHL.com (Points): 205  |  DOM RK (KKUPFL): 232
Ryan Graves,224.04,6,  KKUPFL ADP: 252.39  |  DOM RK (KKUPFL): 221
Tanner Jeannot,224.72,7,  KKUPFL ADP: 246.88  |  Steve Laidlaw Rank: 228  |  DOM RK (KKUPFL): 222
Jake Allen,225.88,6,  KKUPFL ADP: 252.72  |  DOM RK (KKUPFL): 223
John Klingberg,226.89,7,  KKUPFL ADP: 180.7  |  Steve Laidlaw Rank: 160  |  DOM RK (KKUPFL): 239
Adam Henrique,227.56,8,  KKUPFL ADP: 251.61  |  Steve Laidlaw Rank: 187  |  NHL.com (Points): 184  |  DOM RK (KKUPFL): 234
Michael Bunting,228.24,8,  KKUPFL ADP: 244.31  |  Steve Laidlaw Rank: 173  |  NHL.com (Points): 195  |  DOM RK (KKUPFL): 236
Kevin Korchinski,229.0,2,  DOM RK (KKUPFL): 229
Cam Talbot,229.02,6,  KKUPFL ADP: 247.91  |  DOM RK (KKUPFL): 227
Frank Vatrano,232.54,7,  KKUPFL ADP: 243.18  |  Steve Laidlaw Rank: 199  |  DOM RK (KKUPFL): 235
Ivan Provorov,232.7,7,  KKUPFL ADP: 251.28  |  Steve Laidlaw Rank: 258  |  DOM RK (KKUPFL): 228
Nicholas Paul,233.0,2,  Steve Laidlaw Rank: 267  |  NHL.com (Points): 199
Anthony Beauvillier,237.4,9,  KKUPFL ADP: 239.05  |  Elite Prospects Rank: 200.0  |  Steve Laidlaw Rank: 247  |  NHL.com (Points): 146  |  DOM RK (KKUPFL): 250
Tyler Seguin,238.07,9,  KKUPFL ADP: 227.57  |  Elite Prospects Rank: 176.0  |  Steve Laidlaw Rank: 167  |  NHL.com (Points): 149  |  DOM RK (KKUPFL): 263
Ross Colton,238.77,8,  KKUPFL ADP: 248.16  |  Steve Laidlaw Rank: 235  |  NHL.com (Points): 175  |  DOM RK (KKUPFL): 245
Damon Severson,239.29,6,  KKUPFL ADP: 251.37  |  DOM RK (KKUPFL): 238
Sebastian Aho,239.33,20,  KKUPFL ADP: 48.81  |  Elite Prospects Rank: 40.0  |  Steve Laidlaw Rank: 44  |  NHL.com (Points): 28  |  DOM RK (KKUPFL): 52  |  DOM RK (KKUPFL): 512
Martin Fehervary,240.0,4,  DOM RK (KKUPFL): 240
Tyson Barrie,240.24,7,  KKUPFL ADP: 208.06  |  Steve Laidlaw Rank: 200  |  DOM RK (KKUPFL): 248
Janis Moser,241.0,4,  DOM RK (KKUPFL): 241
Josh Anderson,241.12,8,  KKUPFL ADP: 252.46  |  Steve Laidlaw Rank: 226  |  NHL.com (Points): 218  |  DOM RK (KKUPFL): 244
Wyatt Johnston,241.65,6,  KKUPFL ADP: 231.41  |  Steve Laidlaw Rank: 274  |  NHL.com (Points): 123  |  DOM RK (KKUPFL): 252
Patrice Bergeron,242.61,4,  KKUPFL ADP: 242.61
Kaiden Guhle,243.02,4,  KKUPFL ADP: 252.53  |  DOM RK (KKUPFL): 242
Rasmus Ristolainen,243.69,6,  KKUPFL ADP: 250.17  |  DOM RK (KKUPFL): 243
Scott Laughton,244.69,7,  KKUPFL ADP: 249.83  |  Steve Laidlaw Rank: 218  |  DOM RK (KKUPFL): 247
Adam Fantilli,245.23,6,  KKUPFL ADP: 224.4  |  Elite Prospects Rank: 226.0  |  Steve Laidlaw Rank: 177  |  NHL.com (Points): 141  |  DOM RK (KKUPFL): 268
Evgeny Svechnikov,245.5,4,  KKUPFL ADP: 245.5
Luke Evangelista,247.74,6,  KKUPFL ADP: 251.41  |  Elite Prospects Rank: 202.0  |  Steve Laidlaw Rank: 194  |  DOM RK (KKUPFL): 258
Dillon Dube,247.93,7,  KKUPFL ADP: 252.5  |  NHL.com (Points): 196  |  DOM RK (KKUPFL): 253
J.J. Moser,248.69,2,  KKUPFL ADP: 250.37  |  Elite Prospects Rank: 247.0
Ryan Pulock,249.2,7,  KKUPFL ADP: 252.28  |  Steve Laidlaw Rank: 248  |  DOM RK (KKUPFL): 249
Kirill Marchenko,250.06,7,  KKUPFL ADP: 248.18  |  Elite Prospects Rank: 236.0  |  Steve Laidlaw Rank: 257  |  NHL.com (Points): 157  |  DOM RK (KKUPFL): 261
Esa Lindell,251.0,5,  DOM RK (KKUPFL): 251
Connor Carrick,251.13,3,  KKUPFL ADP: 251.13
Lukas Rousek,251.29,2,  KKUPFL ADP: 251.29
Jaromir Jagr,251.61,1,  KKUPFL ADP: 251.61
Sean Couturier,251.8,8,  KKUPFL ADP: 200.67  |  Elite Prospects Rank: 143.0  |  Steve Laidlaw Rank: 150  |  NHL.com (Points): 129  |  DOM RK (KKUPFL): 293
Damien Giroux,252.17,2,  KKUPFL ADP: 252.17
Mathew Dumba,252.44,1,  KKUPFL ADP: 252.44
Jet Greaves,252.54,2,  KKUPFL ADP: 252.54
Scott Perunovich,252.61,2,  KKUPFL ADP: 252.61
Alex Galchenyuk,252.85,4,  KKUPFL ADP: 252.85
Simon Benoit,252.85,4,  KKUPFL ADP: 252.85
T.J. Oshie,252.88,7,  KKUPFL ADP: 245.67  |  NHL.com (Points): 147  |  DOM RK (KKUPFL): 265
Matvei Michkov,252.94,1,  KKUPFL ADP: 252.94
Kent Johnson,252.95,8,  KKUPFL ADP: 242.7  |  Elite Prospects Rank: 208.0  |  Steve Laidlaw Rank: 243  |  NHL.com (Points): 131  |  DOM RK (KKUPFL): 273
Joel Farabee,254.03,8,  KKUPFL ADP: 251.72  |  Steve Laidlaw Rank: 272  |  NHL.com (Points): 164  |  DOM RK (KKUPFL): 262
Casey Mittelstadt,254.06,9,  KKUPFL ADP: 243.44  |  Elite Prospects Rank: 147.0  |  Steve Laidlaw Rank: 207  |  NHL.com (Points): 130  |  DOM RK (KKUPFL): 285
Jaccob Slavin,255.0,5,  DOM RK (KKUPFL): 255
Travis Sanheim,256.0,5,  DOM RK (KKUPFL): 256
Sam Montembeault,256.46,5,  KKUPFL ADP: 251.41  |  DOM RK (KKUPFL): 257
Erik Gustafsson,256.98,5,  KKUPFL ADP: 252.96  |  Steve Laidlaw Rank: 261
Conor Garland,257.82,7,  Elite Prospects Rank: 204.0  |  Steve Laidlaw Rank: 198  |  DOM RK (KKUPFL): 270
Alexis Lafreniere,258.1,8,  KKUPFL ADP: 239.56  |  Steve Laidlaw Rank: 237  |  NHL.com (Points): 168  |  DOM RK (KKUPFL): 272
Trevor Moore,258.17,6,  KKUPFL ADP: 250.43  |  DOM RK (KKUPFL): 259
Samuel Girard,259.18,7,  KKUPFL ADP: 252.41  |  Elite Prospects Rank: 193.0  |  DOM RK (KKUPFL): 267
William Karlsson,259.71,9,  KKUPFL ADP: 250.18  |  Elite Prospects Rank: 207.0  |  Steve Laidlaw Rank: 241  |  NHL.com (Points): 170  |  DOM RK (KKUPFL): 278
Charlie Coyle,259.97,9,  KKUPFL ADP: 251.89  |  Elite Prospects Rank: 164.0  |  Steve Laidlaw Rank: 242  |  NHL.com (Points): 167  |  DOM RK (KKUPFL): 283
Adam Pelech,260.0,5,  DOM RK (KKUPFL): 260
Ryan O'Reilly,261.01,9,  KKUPFL ADP: 222.41  |  Elite Prospects Rank: 174.0  |  Steve Laidlaw Rank: 166  |  NHL.com (Points): 99  |  DOM RK (KKUPFL): 302
Barrett Hayton,262.04,9,  KKUPFL ADP: 202.5  |  Elite Prospects Rank: 142.0  |  Steve Laidlaw Rank: 217  |  NHL.com (Points): 151  |  DOM RK (KKUPFL): 298
Brayden Mcnabb,262.82,6,  KKUPFL ADP: 251.8  |  DOM RK (KKUPFL): 264
Bowen Byram,263.38,7,  KKUPFL ADP: 157.97  |  Steve Laidlaw Rank: 139  |  DOM RK (KKUPFL): 288
Shayne Gostisbehere,264.71,7,  KKUPFL ADP: 165.05  |  Steve Laidlaw Rank: 119  |  DOM RK (KKUPFL): 291
Brett Pesce,266.0,5,  DOM RK (KKUPFL): 266
Thomas Novak,268.17,5,  KKUPFL ADP: 241.8  |  DOM RK (KKUPFL): 271
Jonas Brodin,269.0,5,  DOM RK (KKUPFL): 269
Brady Skjei,270.54,6,  KKUPFL ADP: 238.25  |  DOM RK (KKUPFL): 274
Jack Roslovic,270.62,7,  Elite Prospects Rank: 250.0  |  NHL.com (Points): 185  |  DOM RK (KKUPFL): 282
Anton Lundell,271.31,8,  KKUPFL ADP: 244.53  |  Elite Prospects Rank: 177.0  |  Steve Laidlaw Rank: 244  |  NHL.com (Points): 208  |  DOM RK (KKUPFL): 294
Marc-Andre Fleury,272.18,6,  KKUPFL ADP: 245.88  |  DOM RK (KKUPFL): 275
Blake Wheeler,273.0,9,  KKUPFL ADP: 190.3  |  Elite Prospects Rank: 181.0  |  Steve Laidlaw Rank: 180  |  NHL.com (Points): 102  |  DOM RK (KKUPFL): 320
Jason Zucker,273.46,8,  KKUPFL ADP: 229.3  |  Steve Laidlaw Rank: 196  |  NHL.com (Points): 194  |  DOM RK (KKUPFL): 295
Yanni Gourde,274.45,9,  KKUPFL ADP: 252.35  |  Elite Prospects Rank: 206.0  |  Steve Laidlaw Rank: 246  |  NHL.com (Points): 183  |  DOM RK (KKUPFL): 297
Thomas Harley,274.94,5,  Steve Laidlaw Rank: 265  |  DOM RK (KKUPFL): 276
Blake Coleman,275.11,9,  KKUPFL ADP: 252.78  |  Elite Prospects Rank: 248.0  |  Steve Laidlaw Rank: 264  |  NHL.com (Points): 206  |  DOM RK (KKUPFL): 289
Erik Cernak,277.0,5,  DOM RK (KKUPFL): 277
Dylan Strome,277.1,9,  KKUPFL ADP: 188.94  |  Elite Prospects Rank: 157.0  |  Steve Laidlaw Rank: 153  |  NHL.com (Points): 97  |  DOM RK (KKUPFL): 332
Jamie Drysdale,277.26,8,  KKUPFL ADP: 229.87  |  Elite Prospects Rank: 242.0  |  Steve Laidlaw Rank: 269  |  DOM RK (KKUPFL): 287
Jt Compher,278.0,1,  Steve Laidlaw Rank: 278
Freddie Gaudreau,279.0,1,  Steve Laidlaw Rank: 279
Matt Roy,279.0,5,  DOM RK (KKUPFL): 279
Vladislav Gavrikov,280.0,5,  DOM RK (KKUPFL): 280
Mackenzie Blackwood,280.99,6,  KKUPFL ADP: 252.91  |  DOM RK (KKUPFL): 284
Nick Jensen,281.0,5,  DOM RK (KKUPFL): 281
Kirby Dach,281.09,9,  KKUPFL ADP: 228.17  |  Elite Prospects Rank: 196.0  |  Steve Laidlaw Rank: 212  |  NHL.com (Points): 209  |  DOM RK (KKUPFL): 311
Marcus Pettersson,286.0,5,  DOM RK (KKUPFL): 286
Teuvo Teravainen,286.22,9,  KKUPFL ADP: 220.21  |  Elite Prospects Rank: 240.0  |  Steve Laidlaw Rank: 192  |  NHL.com (Points): 84  |  DOM RK (KKUPFL): 330
Anthony Duclair,287.11,9,  KKUPFL ADP: 235.84  |  Elite Prospects Rank: 238.0  |  Steve Laidlaw Rank: 159  |  NHL.com (Points): 134  |  DOM RK (KKUPFL): 328
Jake Walman,288.0,6,  KKUPFL ADP: 250.71  |  DOM RK (KKUPFL): 292
Scott Mayfield,290.0,5,  DOM RK (KKUPFL): 290
Matias Maccelli,293.18,8,  KKUPFL ADP: 251.35  |  Elite Prospects Rank: 189.0  |  Steve Laidlaw Rank: 253  |  NHL.com (Points): 173  |  DOM RK (KKUPFL): 326
Filip Chytil,293.46,9,  KKUPFL ADP: 250.47  |  Elite Prospects Rank: 163.0  |  Steve Laidlaw Rank: 266  |  NHL.com (Points): 144  |  DOM RK (KKUPFL): 331
Dominik Kubalik,294.15,7,  KKUPFL ADP: 250.7  |  Steve Laidlaw Rank: 227  |  DOM RK (KKUPFL): 306
Cam York,294.31,7,  KKUPFL ADP: 231.89  |  Steve Laidlaw Rank: 229  |  DOM RK (KKUPFL): 308
Jean-Gabriel Pageau,294.32,6,  NHL.com (Points): 176  |  DOM RK (KKUPFL): 307
Gabriel Vilardi,295.08,8,  KKUPFL ADP: 209.67  |  Elite Prospects Rank: 209.0  |  NHL.com (Points): 150  |  DOM RK (KKUPFL): 329
Brock Faber,296.0,3,  DOM RK (KKUPFL): 296
Luke Schenn,296.28,6,  KKUPFL ADP: 252.19  |  DOM RK (KKUPFL): 301
Kevin Shattenkirk,296.87,6,  Steve Laidlaw Rank: 221  |  DOM RK (KKUPFL): 305
J.T. Compher,298.01,6,  KKUPFL ADP: 251.46  |  DOM RK (KKUPFL): 303
Connor Clifton,299.0,5,  DOM RK (KKUPFL): 299
Ilya Mikheyev,299.74,6,  Steve Laidlaw Rank: 260  |  DOM RK (KKUPFL): 304
Matt Dumba,300.0,5,  DOM RK (KKUPFL): 300
Anthony Cirelli,303.09,9,  KKUPFL ADP: 252.85  |  Elite Prospects Rank: 213.0  |  Steve Laidlaw Rank: 252  |  NHL.com (Points): 178  |  DOM RK (KKUPFL): 337
Rasmus Sandin,304.73,7,  KKUPFL ADP: 216.89  |  Steve Laidlaw Rank: 222  |  DOM RK (KKUPFL): 323
Jesperi Kotkaniemi,307.58,8,  KKUPFL ADP: 251.76  |  Steve Laidlaw Rank: 254  |  NHL.com (Points): 161  |  DOM RK (KKUPFL): 335
Rafael Harvey-Pinard,308.83,6,  KKUPFL ADP: 248.11  |  NHL.com (Points): 200  |  DOM RK (KKUPFL): 327
Daniel Sprong,308.84,6,  NHL.com (Points): 186  |  DOM RK (KKUPFL): 322
Nick Perbix,309.0,3,  DOM RK (KKUPFL): 309
Brandon Saad,309.94,6,  Elite Prospects Rank: 244.0  |  DOM RK (KKUPFL): 317
Pavel Mintyukov,310.0,2,  DOM RK (KKUPFL): 310
Kevin Hayes,310.23,9,  KKUPFL ADP: 240.11  |  Elite Prospects Rank: 217.0  |  Steve Laidlaw Rank: 165  |  NHL.com (Points): 145  |  DOM RK (KKUPFL): 361
William Eklund,311.4,6,  KKUPFL ADP: 249.53  |  NHL.com (Points): 125  |  DOM RK (KKUPFL): 338
Quinton Byfield,311.83,9,  KKUPFL ADP: 249.7  |  Elite Prospects Rank: 221.0  |  Steve Laidlaw Rank: 263  |  NHL.com (Points): 204  |  DOM RK (KKUPFL): 345
Jake Mccabe,312.0,5,  DOM RK (KKUPFL): 312
Carson Soucy,313.0,5,  DOM RK (KKUPFL): 313
Juuso Valimaki,313.66,7,  KKUPFL ADP: 241.46  |  Steve Laidlaw Rank: 280  |  DOM RK (KKUPFL): 325
Ryan Mcdonagh,314.0,5,  DOM RK (KKUPFL): 314
Alex Romanov,315.0,2,  DOM RK (KKUPFL): 315
Cam Atkinson,315.03,7,  KKUPFL ADP: 240.38  |  Steve Laidlaw Rank: 175  |  NHL.com (Points): 166  |  DOM RK (KKUPFL): 354
Taylor Raddysh,315.55,7,  KKUPFL ADP: 249.44  |  Steve Laidlaw Rank: 251  |  NHL.com (Points): 162  |  DOM RK (KKUPFL): 346
Timothy Liljegren,316.0,5,  DOM RK (KKUPFL): 316
Alec Martinez,318.0,5,  DOM RK (KKUPFL): 318
Ben Chiarot,319.0,5,  DOM RK (KKUPFL): 319
Evan Rodrigues,320.02,7,  KKUPFL ADP: 233.52  |  Steve Laidlaw Rank: 220  |  DOM RK (KKUPFL): 340
Connor Murphy,321.0,5,  DOM RK (KKUPFL): 321
Morgan Frost,322.35,8,  KKUPFL ADP: 245.64  |  Steve Laidlaw Rank: 234  |  NHL.com (Points): 108  |  DOM RK (KKUPFL): 363
Alex Barabanov,324.0,2,  DOM RK (KKUPFL): 324
Joseph Woll,324.98,5,  KKUPFL ADP: 250.13  |  DOM RK (KKUPFL): 333
Noah Cates,326.48,5,  NHL.com (Points): 191  |  DOM RK (KKUPFL): 341
Kyle Palmieri,327.62,7,  Steve Laidlaw Rank: 215  |  NHL.com (Points): 138  |  DOM RK (KKUPFL): 360
Eeli Tolvanen,328.95,7,  KKUPFL ADP: 244.47  |  Steve Laidlaw Rank: 189  |  DOM RK (KKUPFL): 353
Erik Haula,329.58,7,  KKUPFL ADP: 252.61  |  NHL.com (Points): 216  |  DOM RK (KKUPFL): 350
Victor Olofsson,331.27,8,  Elite Prospects Rank: 239.0  |  Steve Laidlaw Rank: 210  |  NHL.com (Points): 174  |  DOM RK (KKUPFL): 371
Cody Glass,331.53,7,  Steve Laidlaw Rank: 262  |  NHL.com (Points): 210  |  DOM RK (KKUPFL): 352
Mikey Anderson,334.0,5,  DOM RK (KKUPFL): 334
Conor Sheary,334.84,6,  NHL.com (Points): 212  |  DOM RK (KKUPFL): 348
Max Domi,334.94,8,  KKUPFL ADP: 225.91  |  Steve Laidlaw Rank: 273  |  NHL.com (Points): 160  |  DOM RK (KKUPFL): 372
Nikita Zadorov,336.0,5,  DOM RK (KKUPFL): 336
Nick Paul,339.0,5,  DOM RK (KKUPFL): 339
Alex Iafallo,340.19,6,  NHL.com (Points): 202  |  DOM RK (KKUPFL): 355
Jonas Siegenthaler,341.5,6,  KKUPFL ADP: 252.83  |  DOM RK (KKUPFL): 351
Andreas Athanasiou,341.69,8,  KKUPFL ADP: 247.18  |  Steve Laidlaw Rank: 268  |  NHL.com (Points): 171  |  DOM RK (KKUPFL): 378
Jamie Oleksiak,342.0,5,  DOM RK (KKUPFL): 342
Gustav Nyquist,342.5,6,  Elite Prospects Rank: 243.0  |  Steve Laidlaw Rank: 232  |  DOM RK (KKUPFL): 365
Pavel Francouz,344.0,4,  DOM RK (KKUPFL): 344
Ondrej Palat,344.94,7,  Elite Prospects Rank: 223.0  |  Steve Laidlaw Rank: 233  |  DOM RK (KKUPFL): 370
Tomas Tatar,345.24,7,  KKUPFL ADP: 252.38  |  NHL.com (Points): 179  |  DOM RK (KKUPFL): 373
Justin Schultz,346.55,6,  Steve Laidlaw Rank: 249  |  DOM RK (KKUPFL): 357
Matthew Knies,346.94,5,  KKUPFL ADP: 245.28  |  NHL.com (Points): 140  |  DOM RK (KKUPFL): 380
Alex Nedeljkovic,347.0,5,  DOM RK (KKUPFL): 347
Jaden Schwartz,348.68,8,  KKUPFL ADP: 252.76  |  Elite Prospects Rank: 211.0  |  Steve Laidlaw Rank: 206  |  DOM RK (KKUPFL): 389
Matt Benning,349.0,5,  DOM RK (KKUPFL): 349
Cole Perfetti,350.69,8,  KKUPFL ADP: 244.84  |  Elite Prospects Rank: 195.0  |  Steve Laidlaw Rank: 155  |  NHL.com (Points): 189  |  DOM RK (KKUPFL): 417
Max Pacioretty,350.8,8,  KKUPFL ADP: 155.48  |  Elite Prospects Rank: 219.0  |  Steve Laidlaw Rank: 144  |  DOM RK (KKUPFL): 408
Kaapo Kakko,354.45,9,  KKUPFL ADP: 251.36  |  Elite Prospects Rank: 245.0  |  Steve Laidlaw Rank: 282  |  NHL.com (Points): 177  |  DOM RK (KKUPFL): 404
Yegor Sharangovich,354.62,9,  KKUPFL ADP: 237.25  |  Elite Prospects Rank: 198.0  |  Steve Laidlaw Rank: 277  |  NHL.com (Points): 180  |  DOM RK (KKUPFL): 411
Cody Ceci,356.0,5,  DOM RK (KKUPFL): 356
Jani Hakanpaa,356.8,6,  KKUPFL ADP: 252.26  |  DOM RK (KKUPFL): 368
David Savard,358.0,5,  DOM RK (KKUPFL): 358
Brenden Dillon,359.0,5,  DOM RK (KKUPFL): 359
Ryan Strome,359.27,8,  Elite Prospects Rank: 205.0  |  Steve Laidlaw Rank: 281  |  NHL.com (Points): 193  |  DOM RK (KKUPFL): 402
Kasperi Kapanen,359.99,7,  KKUPFL ADP: 252.93  |  NHL.com (Points): 215  |  DOM RK (KKUPFL): 387
Mason Marchment,360.01,8,  KKUPFL ADP: 252.8  |  Steve Laidlaw Rank: 240  |  NHL.com (Points): 214  |  DOM RK (KKUPFL): 400
James Van Riemsdyk,360.12,7,  Steve Laidlaw Rank: 184  |  NHL.com (Points): 192  |  DOM RK (KKUPFL): 397
Charlie Lindgren,362.0,4,  DOM RK (KKUPFL): 362
Dylan Demelo,364.0,5,  DOM RK (KKUPFL): 364
Andrew Copp,364.26,8,  KKUPFL ADP: 252.93  |  Elite Prospects Rank: 227.0  |  Steve Laidlaw Rank: 270  |  DOM RK (KKUPFL): 401
Jonathan Quick,366.0,5,  DOM RK (KKUPFL): 366
Travis Hamonic,367.0,5,  DOM RK (KKUPFL): 367
Tony Deangelo,368.52,6,  KKUPFL ADP: 177.19  |  Steve Laidlaw Rank: 98  |  DOM RK (KKUPFL): 418
Nicolas Hague,369.0,5,  DOM RK (KKUPFL): 369
Antti Raanta,373.03,6,  KKUPFL ADP: 251.98  |  DOM RK (KKUPFL): 386
Pierre Engvall,373.45,6,  NHL.com (Points): 163  |  DOM RK (KKUPFL): 396
Ryan Johansen,373.53,9,  KKUPFL ADP: 251.35  |  Elite Prospects Rank: 185.0  |  Steve Laidlaw Rank: 223  |  NHL.com (Points): 121  |  DOM RK (KKUPFL): 450
Mattias Samuelsson,374.0,5,  DOM RK (KKUPFL): 374
Eric Comrie,374.89,6,  KKUPFL ADP: 252.56  |  DOM RK (KKUPFL): 388
Nick Seeler,375.0,4,  DOM RK (KKUPFL): 375
Ian Cole,376.0,5,  DOM RK (KKUPFL): 376
Zach Whitecloud,377.0,5,  DOM RK (KKUPFL): 377
Connor Brown,378.11,9,  KKUPFL ADP: 198.43  |  Elite Prospects Rank: 201.0  |  Steve Laidlaw Rank: 245  |  NHL.com (Points): 85  |  DOM RK (KKUPFL): 462
Calvin Petersen,379.0,2,  DOM RK (KKUPFL): 379
Jacob Middleton,381.0,5,  DOM RK (KKUPFL): 381
John Marino,382.0,5,  DOM RK (KKUPFL): 382
Pyotr Kochetkov,383.0,4,  DOM RK (KKUPFL): 383
Nicolas Roy,384.0,5,  DOM RK (KKUPFL): 384
Dante Fabbro,385.0,5,  DOM RK (KKUPFL): 385
Mikael Granlund,388.42,6,  Elite Prospects Rank: 215.0  |  DOM RK (KKUPFL): 407
Alex Newhook,389.62,7,  Steve Laidlaw Rank: 255  |  NHL.com (Points): 222  |  DOM RK (KKUPFL): 422
Tj Brodie,390.0,2,  DOM RK (KKUPFL): 390
Eetu Luostarinen,390.65,6,  NHL.com (Points): 182  |  DOM RK (KKUPFL): 413
Mark Giordano,391.0,5,  DOM RK (KKUPFL): 391
Erik Johnson,392.0,5,  DOM RK (KKUPFL): 392
Justin Holl,393.0,5,  DOM RK (KKUPFL): 393
Matt Grzelcyk,394.0,5,  DOM RK (KKUPFL): 394
Chris Tanev,395.0,5,  DOM RK (KKUPFL): 395
Adam Boqvist,395.39,6,  Steve Laidlaw Rank: 259  |  DOM RK (KKUPFL): 410
William Carrier,398.0,5,  DOM RK (KKUPFL): 398
Nate Schmidt,399.0,5,  DOM RK (KKUPFL): 399
David Jiricek,399.31,4,  KKUPFL ADP: 252.83  |  DOM RK (KKUPFL): 415
Adam Lowry,399.87,7,  KKUPFL ADP: 252.81  |  Steve Laidlaw Rank: 275  |  DOM RK (KKUPFL): 429
Brandon Carlo,403.0,5,  DOM RK (KKUPFL): 403
Artem Zub,405.0,5,  DOM RK (KKUPFL): 405
Ryan Lindgren,406.0,5,  DOM RK (KKUPFL): 406
Michael Rasmussen,409.0,5,  DOM RK (KKUPFL): 409
Calen Addison,410.33,7,  KKUPFL ADP: 238.39  |  Steve Laidlaw Rank: 156  |  DOM RK (KKUPFL): 456
Jordan Staal,410.46,7,  KKUPFL ADP: 252.57  |  NHL.com (Points): 190  |  DOM RK (KKUPFL): 451
Marcus Foligno,412.0,5,  DOM RK (KKUPFL): 412
Joel Hofer,413.75,5,  KKUPFL ADP: 252.76  |  DOM RK (KKUPFL): 431
Zach Parise,414.0,5,  DOM RK (KKUPFL): 414
Brett Kulak,416.0,5,  DOM RK (KKUPFL): 416
Marcus Johansson,416.3,8,  KKUPFL ADP: 252.65  |  Steve Laidlaw Rank: 236  |  NHL.com (Points): 203  |  DOM RK (KKUPFL): 476
Brandon Tanev,419.0,5,  DOM RK (KKUPFL): 419
Trevor Van Riemsdyk,420.0,5,  DOM RK (KKUPFL): 420
Joey Daccord,420.99,6,  KKUPFL ADP: 252.85  |  DOM RK (KKUPFL): 439
Semyon Varlamov,421.0,5,  DOM RK (KKUPFL): 421
Philip Tomasino,421.84,5,  NHL.com (Points): 187  |  DOM RK (KKUPFL): 447
Jake Bean,423.0,5,  DOM RK (KKUPFL): 423
Dmitry Kulikov,424.0,5,  DOM RK (KKUPFL): 424
Trent Frederic,425.0,5,  DOM RK (KKUPFL): 425
Tyler Myers,426.0,5,  DOM RK (KKUPFL): 426
Brian Dumoulin,427.0,5,  DOM RK (KKUPFL): 427
Josh Manson,428.0,5,  DOM RK (KKUPFL): 428
Nicklas Backstrom,429.91,7,  KKUPFL ADP: 250.96  |  NHL.com (Points): 104  |  DOM RK (KKUPFL): 484
Garnet Hathaway,430.0,5,  DOM RK (KKUPFL): 430
Jeremy Lauzon,432.0,5,  DOM RK (KKUPFL): 432
Lukas Dostal,432.71,5,  KKUPFL ADP: 252.63  |  DOM RK (KKUPFL): 452
Kyle Burroughs,433.0,5,  DOM RK (KKUPFL): 433
Alex Carrier,434.0,2,  DOM RK (KKUPFL): 434
Sean Walker,435.0,5,  DOM RK (KKUPFL): 435
Morgan Geekie,436.0,5,  DOM RK (KKUPFL): 436
Oliver Wahlstrom,436.59,7,  Steve Laidlaw Rank: 191  |  NHL.com (Points): 221  |  DOM RK (KKUPFL): 486
Alex Vlasic,437.0,4,  DOM RK (KKUPFL): 437
Mike Hoffman,437.74,6,  Steve Laidlaw Rank: 202  |  DOM RK (KKUPFL): 463
Colin Miller,438.0,5,  DOM RK (KKUPFL): 438
Laurent Brossoit,439.06,6,  KKUPFL ADP: 252.91  |  DOM RK (KKUPFL): 459
James Reimer,440.0,5,  DOM RK (KKUPFL): 440
Frederick Gaudreau,441.0,5,  DOM RK (KKUPFL): 441
Jordan Harris,442.0,4,  DOM RK (KKUPFL): 442
Scott Wedgewood,443.0,5,  DOM RK (KKUPFL): 443
Joel Edmundson,444.0,5,  DOM RK (KKUPFL): 444
Derek Forbort,445.0,5,  DOM RK (KKUPFL): 445
Erik Gudbranson,446.0,5,  DOM RK (KKUPFL): 446
Juuso Parssinen,446.13,4,  NHL.com (Points): 158  |  DOM RK (KKUPFL): 477
Sean Monahan,447.36,7,  KKUPFL ADP: 252.74  |  Steve Laidlaw Rank: 216  |  DOM RK (KKUPFL): 493
Braden Schneider,448.0,4,  DOM RK (KKUPFL): 448
Robert Hagg,449.0,5,  DOM RK (KKUPFL): 449
Oliver Ekman-Larsson,449.77,6,  KKUPFL ADP: 251.57  |  DOM RK (KKUPFL): 471
Sammy Blais,452.15,7,  KKUPFL ADP: 250.05  |  NHL.com (Points): 217  |  DOM RK (KKUPFL): 499
Erik Brannstrom,453.0,5,  DOM RK (KKUPFL): 453
Luke Kunin,454.0,5,  DOM RK (KKUPFL): 454
Yakov Trenin,455.0,5,  DOM RK (KKUPFL): 455
Ryan Donato,457.0,5,  DOM RK (KKUPFL): 457
Calle Jarnkrok,457.1,6,  KKUPFL ADP: 252.74  |  DOM RK (KKUPFL): 479
Dan Vladar,458.0,4,  DOM RK (KKUPFL): 458
Warren Foegele,460.0,5,  DOM RK (KKUPFL): 460
Ryan Suter,461.0,5,  DOM RK (KKUPFL): 461
Jonas Johansson,464.0,5,  DOM RK (KKUPFL): 464
Pavel Dorofeyev,464.1,5,  NHL.com (Points): 213  |  DOM RK (KKUPFL): 491
Jj Peterka,464.13,3,  NHL.com (Points): 120  |  DOM RK (KKUPFL): 501
Dylan Samberg,465.0,4,  DOM RK (KKUPFL): 465
Philipp Kurashev,465.49,7,  KKUPFL ADP: 252.59  |  NHL.com (Points): 207  |  DOM RK (KKUPFL): 516
Anthony Mantha,466.0,5,  DOM RK (KKUPFL): 466
Jan Rutta,467.0,5,  DOM RK (KKUPFL): 467
Alex Kerfoot,468.0,5,  DOM RK (KKUPFL): 468
Nick Ritchie,469.0,5,  DOM RK (KKUPFL): 469
Alex Lyon,470.0,5,  DOM RK (KKUPFL): 470
Jeff Carter,470.68,6,  NHL.com (Points): 197  |  DOM RK (KKUPFL): 500
Cole Guttman,473.0,3,  DOM RK (KKUPFL): 473
Kevin Labanc,474.0,5,  DOM RK (KKUPFL): 474
Pierre-Olivier Joseph,475.0,5,  DOM RK (KKUPFL): 475
Shane Pinto,477.75,7,  KKUPFL ADP: 252.82  |  NHL.com (Points): 159  |  DOM RK (KKUPFL): 536
Arber Xhekaj,478.0,3,  DOM RK (KKUPFL): 478
Miles Wood,480.0,5,  DOM RK (KKUPFL): 480
Jordan Martinook,481.0,5,  DOM RK (KKUPFL): 481
Alex Wennberg,482.0,2,  DOM RK (KKUPFL): 482
Phil Kessel,482.39,6,  KKUPFL ADP: 252.65  |  DOM RK (KKUPFL): 507
Troy Stecher,483.0,5,  DOM RK (KKUPFL): 483
Christian Dvorak,483.39,6,  Elite Prospects Rank: 235.0  |  DOM RK (KKUPFL): 510
Jonathan Drouin,483.45,8,  KKUPFL ADP: 248.21  |  Steve Laidlaw Rank: 250  |  NHL.com (Points): 135  |  DOM RK (KKUPFL): 571
William Borgen,485.0,2,  DOM RK (KKUPFL): 485
Marc-Edouard Vlasic,487.0,5,  DOM RK (KKUPFL): 487
Tyler Johnson,488.0,5,  DOM RK (KKUPFL): 488
Wade Allison,489.0,5,  DOM RK (KKUPFL): 489
Anthony Stolarz,490.0,5,  DOM RK (KKUPFL): 490
Spencer Knight,492.0,5,  DOM RK (KKUPFL): 492
Kevin Lankinen,494.0,5,  DOM RK (KKUPFL): 494
Colton Sissons,495.0,5,  DOM RK (KKUPFL): 495
Evgeny Dadonov,496.0,2,  DOM RK (KKUPFL): 496
Brendan Gallagher,497.0,5,  DOM RK (KKUPFL): 497
Cole Sillinger,498.0,4,  DOM RK (KKUPFL): 498
Jakob Pelletier,499.35,4,  KKUPFL ADP: 250.57  |  DOM RK (KKUPFL): 526
Stefan Noesen,502.0,5,  DOM RK (KKUPFL): 502
Eric Robinson,503.0,5,  DOM RK (KKUPFL): 503
Juraj Slafkovsky,503.59,5,  KKUPFL ADP: 252.65  |  NHL.com (Points): 172  |  DOM RK (KKUPFL): 566
Jason Dickinson,504.0,5,  DOM RK (KKUPFL): 504
Alex Goligoski,505.0,5,  DOM RK (KKUPFL): 505
Josh Mahura,506.0,5,  DOM RK (KKUPFL): 506
Noel Acciari,506.76,6,  KKUPFL ADP: 252.54  |  DOM RK (KKUPFL): 534
Johnathan Kovacevic,508.0,2,  DOM RK (KKUPFL): 508
Nick Bjugstad,509.0,5,  DOM RK (KKUPFL): 509
Arthur Kaliyev,510.23,7,  KKUPFL ADP: 251.65  |  Steve Laidlaw Rank: 211  |  DOM RK (KKUPFL): 570
Keegan Kolesar,511.0,5,  DOM RK (KKUPFL): 511
Jack Mcbain,513.0,4,  DOM RK (KKUPFL): 513
Marc Staal,514.0,5,  DOM RK (KKUPFL): 514
Nikita Zaitsev,515.0,5,  DOM RK (KKUPFL): 515
Mike Reilly,517.0,5,  DOM RK (KKUPFL): 517
Kailer Yamamoto,518.0,5,  DOM RK (KKUPFL): 518
Jacob Peterson,519.0,4,  DOM RK (KKUPFL): 519
Radim Simek,520.0,5,  DOM RK (KKUPFL): 520
Chris Driedger,521.0,4,  DOM RK (KKUPFL): 521
Logan O'Connor,522.0,5,  DOM RK (KKUPFL): 522
Josh Brown,523.0,5,  DOM RK (KKUPFL): 523
Nico Sturm,524.0,5,  DOM RK (KKUPFL): 524
Nick Leddy,525.0,5,  DOM RK (KKUPFL): 525
Ukko-Pekka Luukkonen,526.47,6,  KKUPFL ADP: 250.91  |  DOM RK (KKUPFL): 556
Calle Rosen,527.0,4,  DOM RK (KKUPFL): 527
Nils Lundkvist,528.0,4,  DOM RK (KKUPFL): 528
Michael Eyssimont,529.0,2,  DOM RK (KKUPFL): 529
Nathan Bastian,530.0,5,  DOM RK (KKUPFL): 530
Pius Suter,531.0,5,  DOM RK (KKUPFL): 531
Leo Carlsson,532.0,2,  DOM RK (KKUPFL): 532
Oliver Kylington,532.45,5,  Steve Laidlaw Rank: 238  |  DOM RK (KKUPFL): 564
Ryan Mcleod,532.52,6,  Steve Laidlaw Rank: 276  |  DOM RK (KKUPFL): 560
Blake Lizotte,533.0,5,  DOM RK (KKUPFL): 533
Mathieu Joseph,535.0,5,  DOM RK (KKUPFL): 535
Nick Foligno,535.23,6,  NHL.com (Points): 220  |  DOM RK (KKUPFL): 569
Olli Maatta,537.0,5,  DOM RK (KKUPFL): 537
Jesper Fast,538.0,5,  DOM RK (KKUPFL): 538
Corey Perry,538.74,6,  NHL.com (Points): 219  |  DOM RK (KKUPFL): 573
Barclay Goodrow,539.0,5,  DOM RK (KKUPFL): 539
Casey Desmith,540.0,5,  DOM RK (KKUPFL): 540
Nic Dowd,541.0,5,  DOM RK (KKUPFL): 541
Ilya Lyubushkin,542.0,5,  DOM RK (KKUPFL): 542
Niko Mikkola,543.0,5,  DOM RK (KKUPFL): 543
Filip Zadina,543.39,6,  NHL.com (Points): 211  |  DOM RK (KKUPFL): 579
Noah Gregor,544.0,5,  DOM RK (KKUPFL): 544
Carl Grundstrom,545.0,5,  DOM RK (KKUPFL): 545
Dylan Guenther,546.0,3,  DOM RK (KKUPFL): 546
Jarred Tinordi,547.0,5,  DOM RK (KKUPFL): 547
Marco Scandella,548.0,5,  DOM RK (KKUPFL): 548
Sean Kuraly,549.0,5,  DOM RK (KKUPFL): 549
Sam Lafferty,550.0,5,  DOM RK (KKUPFL): 550
Jonatan Berggren,551.0,3,  DOM RK (KKUPFL): 551
Tyler Motte,552.0,5,  DOM RK (KKUPFL): 552
Phillip Di Giuseppe,553.0,2,  DOM RK (KKUPFL): 553
Kevin Bahl,554.0,5,  DOM RK (KKUPFL): 554
Jordan Greenway,555.0,5,  DOM RK (KKUPFL): 555
Jon Merrill,557.0,5,  DOM RK (KKUPFL): 557
Yegor Chinakhov,558.0,4,  DOM RK (KKUPFL): 558
Zach Bogosian,559.0,5,  DOM RK (KKUPFL): 559
Lars Eller,559.17,6,  KKUPFL ADP: 252.74  |  DOM RK (KKUPFL): 592
Kyle Okposo,561.0,5,  DOM RK (KKUPFL): 561
Kiefer Sherwood,562.0,5,  DOM RK (KKUPFL): 562
Logan Stanley,563.0,5,  DOM RK (KKUPFL): 563
Henri Jokiharju,565.0,5,  DOM RK (KKUPFL): 565
Mason Appleton,567.0,5,  DOM RK (KKUPFL): 567
Nicolas Aube-Kubel,568.0,5,  DOM RK (KKUPFL): 568
Alex Texier,572.0,2,  DOM RK (KKUPFL): 572
Jakob Silfverberg,574.0,5,  DOM RK (KKUPFL): 574
Chad Ruhwedel,575.0,5,  DOM RK (KKUPFL): 575
Robby Fabbri,576.0,5,  DOM RK (KKUPFL): 576
Brock Mcginn,577.0,5,  DOM RK (KKUPFL): 577
Sonny Milano,578.0,5,  DOM RK (KKUPFL): 578
Dustin Wolf,578.97,4,  KKUPFL ADP: 252.02  |  DOM RK (KKUPFL): 614
Paul Cotter,580.0,4,  DOM RK (KKUPFL): 580
Jaycob Megna,581.0,4,  DOM RK (KKUPFL): 581
Ryan Lomberg,582.0,5,  DOM RK (KKUPFL): 582
Casey Cizikas,583.0,5,  DOM RK (KKUPFL): 583
Ethan Bear,584.0,5,  DOM RK (KKUPFL): 584
Dylan Coghlan,585.0,5,  DOM RK (KKUPFL): 585
Walker Duehr,586.0,4,  DOM RK (KKUPFL): 586
Jordan Oesterle,587.0,5,  DOM RK (KKUPFL): 587
Fabian Zetterlund,588.0,4,  DOM RK (KKUPFL): 588
Danton Heinen,589.0,5,  DOM RK (KKUPFL): 589
Jack Quinn,589.88,5,  KKUPFL ADP: 252.76  |  DOM RK (KKUPFL): 626
Shane Wright,590.0,3,  DOM RK (KKUPFL): 590
Cal Clutterbuck,591.0,5,  DOM RK (KKUPFL): 591
Jake Neighbours,593.0,4,  DOM RK (KKUPFL): 593
Haydn Fleury,594.0,5,  DOM RK (KKUPFL): 594
Vladislav Namestnikov,595.0,5,  DOM RK (KKUPFL): 595
Josh Bailey,596.0,5,  DOM RK (KKUPFL): 596
Vasily Podkolzin,596.61,4,  NHL.com (Points): 201  |  DOM RK (KKUPFL): 639
Matt Martin,597.0,5,  DOM RK (KKUPFL): 597
Alexei Toropchenko,598.0,4,  DOM RK (KKUPFL): 598
Brett Howden,599.0,5,  DOM RK (KKUPFL): 599
David Kampf,600.0,5,  DOM RK (KKUPFL): 600
Felix Sandstrom,601.0,4,  DOM RK (KKUPFL): 601
Jalen Chatfield,602.0,5,  DOM RK (KKUPFL): 602
Hudson Fasching,603.0,5,  DOM RK (KKUPFL): 603
Victor Soderstrom,604.0,5,  DOM RK (KKUPFL): 604
Brendan Smith,605.0,5,  DOM RK (KKUPFL): 605
Samuel Bolduc,606.0,3,  DOM RK (KKUPFL): 606
Jack Johnson,607.0,5,  DOM RK (KKUPFL): 607
Ty Dellandrea,608.0,5,  DOM RK (KKUPFL): 608
Nick Cousins,609.0,5,  DOM RK (KKUPFL): 609
Matt Irwin,610.0,5,  DOM RK (KKUPFL): 610
Michael Mcleod,611.0,5,  DOM RK (KKUPFL): 611
Jimmy Vesey,612.0,5,  DOM RK (KKUPFL): 612
Martin Jones,613.0,5,  DOM RK (KKUPFL): 613
Teddy Blueger,615.0,5,  DOM RK (KKUPFL): 615
Brandon Duhaime,616.0,4,  DOM RK (KKUPFL): 616
Klim Kostin,617.0,5,  DOM RK (KKUPFL): 617
Conor Timmins,618.0,5,  DOM RK (KKUPFL): 618
Joel Armia,619.0,5,  DOM RK (KKUPFL): 619
Christian Fischer,620.0,5,  DOM RK (KKUPFL): 620
Ben Hutton,621.0,5,  DOM RK (KKUPFL): 621
Michael Amadio,622.0,5,  DOM RK (KKUPFL): 622
Zach Sanford,623.0,5,  DOM RK (KKUPFL): 623
Zemgus Girgensons,624.0,4,  DOM RK (KKUPFL): 624
Jacob Macdonald,625.0,5,  DOM RK (KKUPFL): 625
Peyton Krebs,626.26,6,  Elite Prospects Rank: 246.0  |  DOM RK (KKUPFL): 667
Spencer Martin,627.0,4,  DOM RK (KKUPFL): 627
Craig Smith,628.0,5,  DOM RK (KKUPFL): 628
Mattias Janmark,629.0,5,  DOM RK (KKUPFL): 629
Nicolas Deslauriers,630.0,5,  DOM RK (KKUPFL): 630
Morgan Barron,631.0,5,  DOM RK (KKUPFL): 631
Filip Roos,632.0,3,  DOM RK (KKUPFL): 632
Alex Alexeyev,633.0,2,  DOM RK (KKUPFL): 633
Jake Evans,634.0,5,  DOM RK (KKUPFL): 634
Oskar Lindblom,635.0,5,  DOM RK (KKUPFL): 635
Christian Wolanin,636.0,5,  DOM RK (KKUPFL): 636
Jonathan Toews,637.0,4,  DOM RK (KKUPFL): 637
Robert Bortuzzo,638.0,5,  DOM RK (KKUPFL): 638
Milan Lucic,640.0,5,  DOM RK (KKUPFL): 640
Urho Vaakanainen,641.0,5,  DOM RK (KKUPFL): 641
Alex Holtz,642.0,2,  DOM RK (KKUPFL): 642
Boris Katchouk,643.0,4,  DOM RK (KKUPFL): 643
Radek Faksa,644.0,5,  DOM RK (KKUPFL): 644
Matt Nieto,645.0,5,  DOM RK (KKUPFL): 645
Colton White,646.0,5,  DOM RK (KKUPFL): 646
Michael Carcone,647.0,4,  DOM RK (KKUPFL): 647
Vincent Desharnais,648.0,3,  DOM RK (KKUPFL): 648
Cole Smith,649.0,5,  DOM RK (KKUPFL): 649
Tyson Jost,650.0,5,  DOM RK (KKUPFL): 650
Emil Bemstrom,651.0,5,  DOM RK (KKUPFL): 651
Jacob Bernard-Docker,652.0,5,  DOM RK (KKUPFL): 652
A.J. Greer,653.0,5,  DOM RK (KKUPFL): 653
Isac Lundestrom,654.0,5,  DOM RK (KKUPFL): 654
Chris Wideman,655.0,4,  DOM RK (KKUPFL): 655
Patrick Brown,656.0,5,  DOM RK (KKUPFL): 656
Dakota Joshua,657.0,5,  DOM RK (KKUPFL): 657
Zach Aston-Reese,658.0,5,  DOM RK (KKUPFL): 658
Parker Kelly,659.0,5,  DOM RK (KKUPFL): 659
Max Jones,660.0,5,  DOM RK (KKUPFL): 660
Ryan Poehling,661.0,4,  DOM RK (KKUPFL): 661
Ridly Greig,662.0,3,  DOM RK (KKUPFL): 662
Steven Lorentz,663.0,5,  DOM RK (KKUPFL): 663
Tobias Bjornfot,664.0,5,  DOM RK (KKUPFL): 664
Zac Jones,665.0,4,  DOM RK (KKUPFL): 665
Adam Ruzicka,666.0,5,  DOM RK (KKUPFL): 666
Brad Hunt,668.0,5,  DOM RK (KKUPFL): 668
Nicholas Robertson,669.0,2,  DOM RK (KKUPFL): 669
Philip Broberg,670.0,4,  DOM RK (KKUPFL): 670
Tomas Nosek,671.0,5,  DOM RK (KKUPFL): 671
Josh Archibald,672.0,5,  DOM RK (KKUPFL): 672
Nick Bonino,673.0,5,  DOM RK (KKUPFL): 673
Egor Zamula,674.0,4,  DOM RK (KKUPFL): 674
Marco Rossi,674.55,5,  Elite Prospects Rank: 241.0  |  DOM RK (KKUPFL): 721
Joel Hanley,675.0,5,  DOM RK (KKUPFL): 675
Travis Boyd,676.0,5,  DOM RK (KKUPFL): 676
Andrew Cogliano,677.0,5,  DOM RK (KKUPFL): 677
Andreas Englund,678.0,3,  DOM RK (KKUPFL): 678
Patrick Maroon,679.0,5,  DOM RK (KKUPFL): 679
Zack Macewen,680.0,5,  DOM RK (KKUPFL): 680
Nils Hoglander,681.0,5,  DOM RK (KKUPFL): 681
Ryan Reaves,682.0,5,  DOM RK (KKUPFL): 682
Joe Veleno,683.0,5,  DOM RK (KKUPFL): 683
Connor Dewar,684.0,4,  DOM RK (KKUPFL): 684
Jakub Zboril,685.0,5,  DOM RK (KKUPFL): 685
Sam Steel,686.0,5,  DOM RK (KKUPFL): 686
Michael Mccarron,687.0,5,  DOM RK (KKUPFL): 687
Derek Ryan,688.0,5,  DOM RK (KKUPFL): 688
Aliaksei Protas,689.0,2,  DOM RK (KKUPFL): 689
Alex Belzile,690.0,5,  DOM RK (KKUPFL): 690
Jakub Lauko,691.0,3,  DOM RK (KKUPFL): 691
Joe Snively,692.0,4,  DOM RK (KKUPFL): 692
Dylan Holloway,693.0,3,  DOM RK (KKUPFL): 693
Nathan Walker,694.0,5,  DOM RK (KKUPFL): 694
Mathieu Olivier,695.0,5,  DOM RK (KKUPFL): 695
Sheldon Dries,696.0,5,  DOM RK (KKUPFL): 696
Mark Kastelic,697.0,4,  DOM RK (KKUPFL): 697
Jaret Anderson-Dolan,698.0,5,  DOM RK (KKUPFL): 698
Luke Glendening,699.0,5,  DOM RK (KKUPFL): 699
Trevor Lewis,700.0,5,  DOM RK (KKUPFL): 700
Sam Carrick,701.0,5,  DOM RK (KKUPFL): 701
Brett Leason,702.0,4,  DOM RK (KKUPFL): 702
Matthew Highmore,703.0,5,  DOM RK (KKUPFL): 703
Pierre-Edouard Bellemare,704.0,5,  DOM RK (KKUPFL): 704
Andreas Johnsson,705.0,5,  DOM RK (KKUPFL): 705
Rasmus Kupari,706.0,5,  DOM RK (KKUPFL): 706
Pontus Holmberg,707.0,3,  DOM RK (KKUPFL): 707
Curtis Lazar,708.0,5,  DOM RK (KKUPFL): 708
Nils Aman,709.0,3,  DOM RK (KKUPFL): 709
Tyler Pitlick,710.0,5,  DOM RK (KKUPFL): 710
Jack Drury,711.0,4,  DOM RK (KKUPFL): 711
Kevin Rooney,712.0,5,  DOM RK (KKUPFL): 712
Nikita Alexandrov,713.0,3,  DOM RK (KKUPFL): 713
Vinnie Hinostroza,714.0,5,  DOM RK (KKUPFL): 714
Fredrik Olofsson,715.0,3,  DOM RK (KKUPFL): 715
Grigori Denisenko,716.0,5,  DOM RK (KKUPFL): 716
Nolan Foote,717.0,5,  DOM RK (KKUPFL): 717
Givani Smith,718.0,5,  DOM RK (KKUPFL): 718
Lane Pederson,719.0,5,  DOM RK (KKUPFL): 719
Rasmus Asplund,720.0,5,  DOM RK (KKUPFL): 720
Ryan Carpenter,722.0,5,  DOM RK (KKUPFL): 722
Logan Brown,723.0,5,  DOM RK (KKUPFL): 723
Nic Petan,724.0,2,  DOM RK (KKUPFL): 724
Ross Johnston,725.0,5,  DOM RK (KKUPFL): 725
Jayson Megna,726.0,5,  DOM RK (KKUPFL): 726
Ben Meyers,727.0,4,  DOM RK (KKUPFL): 727
David Gustafsson,728.0,5,  DOM RK (KKUPFL): 728
Tanner Laczynski,729.0,5,  DOM RK (KKUPFL): 729
Dylan Ferguson,nan,1,
Jiri Patera,nan,1,
Lucas Condotta,nan,1,
Jaxson Stauber,nan,1,
Danil Gushchin,nan,1,
Kevin Mandolese,nan,1,
Kyle Criscuolo,nan,2,
Arturs Silovs,nan,1,
Keith Kinkaid,nan,3,
Craig Anderson,nan,3,
Andrew Agozzino,nan,3,
Matt Murray,nan,6,
Brian Elliott,nan,3,
Alex Stalock,nan,2,
Samuel Ersson,nan,1,
Jaroslav Halak,nan,3,
Ivan Prosvetov,nan,3,
Thomas Greiss,nan,3,
David Rittich,nan,3,
Dustin Tokarski,nan,3,
Daniil Tarasov,nan,2,
Mads Sogaard,nan,2,
David Krejci,nan,2,
Dan Renouf,nan,3,
Tyler Angle,nan,1,
Erik Kallgren,nan,2,
Collin Delia,nan,3,
Ty Smith,nan,3,
Jake Muzzin,nan,3,
Aaron Dell,nan,3,
Nick Abruzzese,nan,2,
Eetu Makiniemi,nan,1,
Phil Di Giuseppe,nan,2,
Yaroslav Askarov,nan,1,
Magnus Hellberg,nan,2,
Justin Danforth,nan,2,
Alexander Romanov,nan,3,
Cal Petersen,nan,3,
Nick Blankenburg,nan,2,
Andrew Peeke,nan,3,
Steve Santini,nan,2,
Jordie Benn,nan,3,
Jacob Moverare,nan,2,
Daniil Miromanov,nan,2,
Philippe Myers,nan,3,
Jakub Voracek,nan,3,
Drew Helleson,nan,1,
Anders Bjork,nan,3,
Alex Chiasson,nan,3,
Austin Wagner,nan,2,
Brayden Pachal,nan,2,
Mikey Eyssimont,nan,2,
Lukas Sedlak,nan,1,
Kyle Clifford,nan,3,
Alexander Wennberg,nan,3,
Jason Demers,nan,2,
Marcus Bjork,nan,1,
Olle Eriksson Ek,nan,1,
Michael Stone,nan,3,
Elmer Soderblom,nan,1,
Billy Sweezey,nan,1,
Justin Barron,nan,2,
Eric Staal,nan,2,
Adam Erne,nan,3,
Nick Robertson,nan,3,
Derick Brassard,nan,3,
Jesse Ylonen,nan,3,
Derek Grant,nan,3,
Michael Pezzetta,nan,2,
Oskar Steen,nan,3,
Stanislav Svozil,nan,1,
Jackson Lacombe,nan,1,
Anthony Richard,nan,1,
Buddy Robinson,nan,3,
Robin Salo,nan,2,
T.J. Brodie,nan,3,
Caleb Jones,nan,3,
Mikael Pyyhtia,nan,1,
Mason Shaw,nan,2,
Denis Malgin,nan,1,
Jujhar Khaira,nan,3,
Wyatt Kaiser,nan,1,
Michael Hutchinson,nan,3,
Alexandre Carrier,nan,3,
Jordan Gross,nan,3,
Will Borgen,nan,3,
Scott Harrington,nan,3,
John-Jason Peterka,nan,2,
Egor Sokolov,nan,2,
Cole Mcward,nan,1,
Justus Annunen,nan,2,
Oskar Sundqvist,nan,3,
Gavin Bayreuther,nan,3,
Connor Mackey,nan,3,
Beck Malenstyn,nan,2,
Kaedan Korczak,nan,2,
David Gust,nan,2,
Jake Livingstone,nan,1,
Trey Fix-Wolansky,nan,2,
Max Comtois,nan,2,
Mark Friedman,nan,3,
Josh Leivo,nan,3,
John Hayden,nan,3,
Michael Kesselring,nan,1,
Jon Gillies,nan,2,
Joel Teasdale,nan,1,
Byron Froese,nan,2,
Tanner Pearson,nan,3,
Darren Raddysh,nan,2,
Zac Dalpe,nan,3,
Vincent Iorio,nan,1,
Matthew Coronato,nan,1,
Akito Hirose,nan,1,
Tyler Kleven,nan,1,
Spencer Stastney,nan,1,
Liam O'Brien,nan,3,
Nick Holden,nan,3,
Denis Gurianov,nan,3,
Austin Watson,nan,3,
Alexander Edler,nan,3,
Jesse Puljujarvi,nan,3,
Mark Jankowski,nan,3,
Brett Ritchie,nan,3,
Sam Gagner,nan,3,
Calvin De Haan,nan,3,
Samuel Fagemo,nan,2,
Rudolfs Balcers,nan,3,
Isaak Phillips,nan,2,
Dylan Wells,nan,1,
Ronnie Attard,nan,2,
Johnny Kovacevic,nan,2,
Mac Hollowell,nan,1,
Simon Edvinsson,nan,1,
Guillaume Brisebois,nan,3,
Nikita Okhotyuk,nan,2,
Julien Gauthier,nan,3,
Nikita Nesterenko,nan,1,
Pavol Regenda,nan,1,
Kristian Reichel,nan,2,
Brendan Lemieux,nan,3,
Justin Richards,nan,2,
Tucker Poolman,nan,3,
Dennis Gilbert,nan,2,
Leevi Merilainen,nan,1,
Chris Wagner,nan,3,
Brett Seney,nan,2,
Corey Schueneman,nan,2,
Drew O'Connor,nan,3,
Axel Jonsson-Fjallby,nan,2,
Andy Andreoff,nan,3,
William Lockwood,nan,3,
Alexander Nylander,nan,1,
Joseph Cramarossa,nan,3,
Jesper Boqvist,nan,3,
Brendan Gaunce,nan,2,
Nicolas Petan,nan,3,
Derrick Pouliot,nan,2,
Henry Thrun,nan,1,
Tyler Tucker,nan,1,
Jonah Gadjovich,nan,3,
Rem Pitlick,nan,3,
Joey Anderson,nan,3,
Reese Johnson,nan,3,
Nick Cicek,nan,1,
Ben Harpur,nan,3,
Alexander Alexeyev,nan,2,
Alexei Protas,nan,2,
Joona Luoto,nan,1,
Matej Blumel,nan,1,
Dylan Mcilrath,nan,1,
Cale Fleury,nan,2,
Noah Juulsen,nan,3,
Liam Foudy,nan,3,
Joel Kiviranta,nan,3,
Matt Luff,nan,3,
Tim Berni,nan,1,
Patrik Nemeth,nan,3,
Paul Stastny,nan,3,
Patric Hornqvist,nan,3,
Maxence Guenette,nan,1,
Jack Studnicka,nan,3,
Samuel Poulin,nan,1,
Aatu Raty,nan,1,
Gustav Olofsson,nan,1,
Dominic Toninato,nan,3,
Chris Tierney,nan,3,
Martin Kaut,nan,3,
Gustav Lindstrom,nan,3,
Ian Mitchell,nan,3,
Dylan Gambrell,nan,3,
Kevin Stenlund,nan,3,
Cal Foote,nan,3,
Kieffer Bellows,nan,3,
Riley Stillman,nan,3,
Jansen Harkins,nan,3,
Jake Christiansen,nan,2,
Colin White,nan,3,
Nikolai Knyzhov,nan,2,
Ryan Murray,nan,3,
Saku Maenalanen,nan,1,
Jack Rathbone,nan,3,
Lawrence Pilut,nan,1,
Egor Afanasyev,nan,1,
Kyle Capobianco,nan,3,
John Leonard,nan,3,
Jesper Froden,nan,2,
Adam Raska,nan,2,
Alexander Holtz,nan,2,
Libor Hajek,nan,3,
Mike Hardman,nan,3,
Colin Blackwell,nan,3,
Arnaud Durandeau,nan,1,
Nathan Beaulieu,nan,3,
Mackenzie Entwistle,nan,3,
Sean Farrell,nan,1,
Thomas Bordeleau,nan,2,
Bobby Mcmann,nan,1,
Kevin Gravel,nan,1,
Adam Ginning,nan,1,
Jake Lucchini,nan,1,
Alec Regula,nan,3,
Devin Shore,nan,3,
Hunter Mckown,nan,1,
Jonny Brodzinski,nan,3,
Kurtis Macdermid,nan,3,
Gabriel Carlsson,nan,3,
Aidan Mcdonough,nan,1,
Vitali Kravtsov,nan,2,
Jacob Bryson,nan,3,
Derek Stepan,nan,3,
Karson Kuhlman,nan,3,
Carson Meyer,nan,2,
Charles Hudon,nan,1,
Otto Koivula,nan,2,
Lucas Johansen,nan,2,
Austin Czarnik,nan,3,
Joona Koppanen,nan,1,
Travis Dermott,nan,3,
Elliot Desnoyers,nan,1,
Dysin Mayo,nan,2,
Wayne Simmonds,nan,3,
Will Bitten,nan,1,
Matt Kiersted,nan,3,
Aleksi Heponiemi,nan,3,
Milos Kelemen,nan,1,
Simon Holmstrom,nan,1,
Dryden Hunt,nan,3,
Markus Niemelainen,nan,2,
Jordan Spence,nan,2,
Samuel Walker,nan,1,
Taylor Fedun,nan,1,
Kale Clague,nan,3,
Glenn Gawdin,nan,3,
Luke Philp,nan,1,
Frederic Allard,nan,2,
Nikita Soshnikov,nan,1,
Max Willman,nan,2,
Rourke Chartier,nan,1,
Victor Mete,nan,3,
Dakota Mermis,nan,3,
Marco Kasper,nan,1,
Vinni Lettieri,nan,3,
Justin Braun,nan,3,
Vladislav Kolyachonok,nan,2,
Anton Stralman,nan,3,
Olle Lycksell,nan,1,
Austin Strand,nan,3,
Brad Malone,nan,2,
Radim Zohorna,nan,3,
Cole Koepke,nan,1,
Laurent Dauphin,nan,2,
Nick Desimone,nan,1,
Jonas Rondbjerg,nan,2,
Casey Fitzgerald,nan,2,
Josh Dunne,nan,2,
Parker Wotherspoon,nan,1,
Lucas Carlsson,nan,3,
Callahan Burke,nan,1,
Sampo Ranta,nan,2,
Jeffrey Viel,nan,3,
Ville Heinola,nan,3,
Matt Kessel,nan,1,
Jake Leschyshyn,nan,2,
Darren Helm,nan,3,
Lias Andersson,nan,3,
Jeremy Davies,nan,3,
Nathan Smith,nan,2,
Jacob Larsson,nan,3,
Jan Jenik,nan,3,
Marc Mclaughlin,nan,2,
Tristen Robins,nan,1,
Roland Mckeown,nan,1,
Filip Hallander,nan,2,
Marian Studenic,nan,3,
Justin Kirkland,nan,1,
Adam Beckman,nan,2,
Fredrik Karlstrom,nan,2,
Dmitri Samorukov,nan,2,
Bokondji Imama,nan,2,
Jean-Luc Foudy,nan,1,
Mikhail Maltsev,nan,3,
Filip Kral,nan,1,
Tyce Thompson,nan,3,
Alex Steeves,nan,2,
Taro Hirose,nan,3,
Drake Caggiula,nan,3,
Nick Swaney,nan,1,
Riley Tufte,nan,2,
Dillon Heatherington,nan,2,
Zack Kassian,nan,3,
James Hamblin,nan,1,
Anton Blidh,nan,3,
Cayden Primeau,nan,3,
Mark Borowiecki,nan,3,
Will Cuylle,nan,1,
Jackson Cates,nan,3,
Benoit-Olivier Groulx,nan,2,
Shane Bowers,nan,1,
Alex Barre-Boulet,nan,3,
Cole Bardreau,nan,1,
Owen Beck,nan,1,
Lassi Thomson,nan,2,
Connor Mcmichael,nan,3,
Johnny Gruden,nan,1,
Max Lajoie,nan,2,
Steven Fogarty,nan,3,
Jean-Sebastien Dea,nan,2,
Alex Turcotte,nan,2,
Matt Berlin,nan,1,
Dennis Cholowski,nan,3,
Ondrej Kase,nan,3,
Tyler Benson,nan,2,
Gabriel Fortier,nan,2,
C.J. Suess,nan,2,
William Dufour,nan,1,
Riley Sheahan,nan,3,
Anton Levtchi,nan,1,
Samuel Knazko,nan,1,
Matthew Phillips,nan,2,
Hayden Hodgson,nan,2,
Henrik Borgstrom,nan,2,
Sheldon Rempal,nan,3,
Semyon Der-Arguchintsev,nan,1,
Hugh Mcging,nan,1,
Oskar Olausson,nan,1,
Jett Alexander,nan,1,
Anton Khudobin,nan,3,
Michael Houser,nan,2,
Louis Domingue,nan,2,
Cory Schneider,nan,1,
Gabriel Landeskog,nan,2,
Mike Smith,nan,2,
Garret Sparks,nan,1,
Mikko Koskinen,nan,2,
Ryan Ellis,nan,2,
Jean-Francois Berube,nan,1,
Robin Lehner,nan,2,
Braden Holtby,nan,2,
Reilly Walsh,nan,1,
Jonathan Bernier,nan,2,
Andrew Poturalski,nan,1,
Zach Fucale,nan,1,
Ryan Getzlaf,nan,2,
Nico Daws,nan,1,
Valtteri Puustinen,nan,1,
Cooper Marody,nan,1,
Michael Del Zotto,nan,2,
Andrew Hammond,nan,1,
Alexandre Texier,nan,2,
Anthony Greco,nan,1,
Dustin Brown,nan,2,
Martin Frk,nan,2,
Jon Lizotte,nan,1,
Markus Nutivaara,nan,2,
Alex Formenton,nan,2,
Carl Dahlstrom,nan,1,
Carey Price,nan,2,
Zach Sawchenko,nan,1,
Kris Russell,nan,2,
Johan Larsson,nan,2,
Calvin Pickard,nan,2,
Garrett Pilon,nan,2,
Isaac Ratcliffe,nan,1,
Tyler Ennis,nan,2,
Sami Niku,nan,2,
Gerald Mayhew,nan,2,
Josef Korenar,nan,2,
Duncan Keith,nan,2,
Dmitrij Jaskin,nan,1,
Harri Sateri,nan,1,
Jonathan Dahlen,nan,1,
Bobby Brink,nan,1,
Maxim Mamin,nan,1,
Vasili Podkolzin,nan,1,
P.K. Subban,nan,2,
Brian Boyle,nan,1,
Alex Chmelevski,nan,2,
Mathieu Perreault,nan,2,
Paul Byron,nan,2,
Jayden Halbgewachs,nan,1,
Greg Pateryn,nan,2,
Victor Rask,nan,2,
Kole Lind,nan,2,
John Moore,nan,2,
Michael Sgarbossa,nan,2,
Jason Spezza,nan,2,
Linus Hogberg,nan,1,
Michael Raffl,nan,2,
Zdeno Chara,nan,2,
Kristians Rubins,nan,1,
Alexander Radulov,nan,2,
Cam Dineen,nan,1,
Juuso Riikola,nan,2,
Malcolm Subban,nan,2,
Nicolas Meloche,nan,2,
Dean Kukan,nan,2,
Lukas Vejdemo,nan,1,
Gregory Hofmann,nan,1,
Danny Dekeyser,nan,2,
Adam Gaudette,nan,2,
Andrew Ladd,nan,1,
Richard Panik,nan,2,
Matt Tennyson,nan,2,
Janne Kuokkanen,nan,2,
Petteri Lindbohm,nan,1,
Scott Reedy,nan,1,
Kasper Bjorkqvist,nan,1,
Carter Rowney,nan,2,
Nolan Patrick,nan,2,
Tuukka Rask,nan,2,
Ethan Prow,nan,1,
Nicholas Merkley,nan,2,
Scott Sabourin,nan,2,
Jack Ahcan,nan,2,
Riley Damiani,nan,1,
Joonas Donskoi,nan,2,
Andy Greene,nan,2,
James Neal,nan,2,
Carl Hagelin,nan,2,
Mark Pysyk,nan,2,
Jasper Weatherby,nan,1,
Ryan Dzingel,nan,2,
Joe Thornton,nan,2,
Brett Murray,nan,2,
Arttu Ruotsalainen,nan,2,
Brendan Perlini,nan,1,
Remi Elie,nan,1,
Kole Sherwood,nan,2,
Keith Yandle,nan,2,
Michal Kempny,nan,1,
Antoine Roussel,nan,2,
Juho Lammikko,nan,2,
Colton Sceviour,nan,2,
Tyler Bozak,nan,2,
Slater Koekkoek,nan,2,
Vladimir Tkachev,nan,1,
Blake Comeau,nan,2,
Will Butcher,nan,2,
Dominik Simon,nan,2,
Loui Eriksson,nan,2,
Brad Richardson,nan,2,
William Lagesson,nan,2,
Grant Hutton,nan,1,
Brandon Baddock,nan,1,
Viktor Lodin,nan,1,
Linus Sandin,nan,1,
Jakub Galvas,nan,1,
Mike Vecchione,nan,1,
Sean Day,nan,1,
Paul Ladue,nan,1,
Hendrix Lapierre,nan,1,
Cody Eakin,nan,2,
Cedric Paquette,nan,2,
Kevin Connauton,nan,2,
Andrej Sustr,nan,1,
Justin Dowling,nan,2,
Danny O'Regan,nan,1,
Ben Mccartney,nan,1,
Logan Shaw,nan,1,
Declan Chisholm,nan,1,
Alex Biega,nan,2,
T.J. Tynan,nan,1,
Santeri Hatakka,nan,1,
Christian Jaros,nan,2,
Greg Mckegg,nan,2,
Gemel Smith,nan,2,
Zack Hayes,nan,1,
Ryan Merkley,nan,1,
Mitchell Stephens,nan,2,
Nate Thompson,nan,2,
Andrej Sekera,nan,2,
Mackenzie Maceachern,nan,2,
Kyle Turris,nan,2,
Brendan Guhle,nan,1,
Clark Bishop,nan,2,
Artemi Kniazev,nan,1,
Max Lagace,nan,2,
Jay Beagle,nan,2,
Cole Schwindt,nan,1,
Alex True,nan,2,
Dylan Sikura,nan,2,
Matthew Peca,nan,2,
Blake Speers,nan,1,
Mitchell Chaffee,nan,1,
Kristian Vesalainen,nan,2,
Chase De Leo,nan,2,
Mattias Norlinder,nan,1,
Tyler Lewington,nan,2,
Chase Priskie,nan,1,
Anthony Angello,nan,2,
Thomas Hickey,nan,2,
Tanner Kero,nan,2,
Cole Reinhardt,nan,1,
Ben Jones,nan,1,
Adam Brooks,nan,2,
Madison Bowey,nan,2,
Riley Nash,nan,2,
Tim Gettinger,nan,2,
Josiah Slavin,nan,1,
Mason Geertsen,nan,1,
Olli Juolevi,nan,2,
Cameron Hillis,nan,1,
Justin Bailey,nan,2,
Ryan Macinnis,nan,2,
Michael Dal Colle,nan,2,
Brett Connolly,nan,2,
Bryce Kindopp,nan,1,
Turner Elson,nan,1,
Fredrik Claesson,nan,2,
Kurtis Gabriel,nan,2,
Frederik Gauthier,nan,2,
Joey Keane,nan,2,
Leo Komarov,nan,2,
Jeff Malott,nan,1,
Austin Poganski,nan,2,
Rocco Grimaldi,nan,2,
Riley Barber,nan,1,
Max Mccormick,nan,2,
Chase Pearson,nan,1,
Connor Bunnaman,nan,2,
Wyatt Kalynuk,nan,2,
Kyle Rau,nan,2,
Hunter Drew,nan,1,
Sven Baertschi,nan,1,
Brayden Tracey,nan,1,
Jacob Perreault,nan,1,
Zachary Senyshyn,nan,2,
Nicolas Beaudin,nan,2,
Kirill Semyonov,nan,1,
Rhett Gardner,nan,2,
Luke Witkowski,nan,1,
Brandon Biro,nan,1,
C.J. Smith,nan,2,
Seth Griffith,nan,1,
Stefan Matteau,nan,2,
Michael Dipietro,nan,1,
Adam Huska,nan,1,
Jack Lafontaine,nan,1,
Hugo Alnefelt,nan,1,
Carter Hutton,nan,2,
Michael Mcniven,nan,1,
Troy Grosenick,nan,1,
Matiss Kivlenieks,nan,1,
Pekka Rinne,nan,1,
Oscar Dansk,nan,1,
Brogan Rafferty,nan,1,
Devan Dubnyk,nan,1,
Daniel Vladar,nan,1,
Maxime Comtois,nan,1,
Sean Malone,nan,1,
Shea Weber,nan,1,
Bobby Ryan,nan,1,
David Backes,nan,1,
Curtis Mcelhinney,nan,1,
Ryan Miller,nan,1,
Christopher Gibson,nan,1,
Carl Soderberg,nan,1,
Artem Anisimov,nan,1,
Marcus Hogberg,nan,1,
Nate Prosser,nan,1,
Travis Zajac,nan,1,
Andrew Shaw,nan,1,
Cameron Hughes,nan,1,
Nikita Gusev,nan,1,
Brandon Sutter,nan,1,
Zachary Jones,nan,1,
Alexander Volkov,nan,1,
Steven Kampfer,nan,1,
Joel Kellman,nan,1,
Kevan Miller,nan,1,
Tyler Graovac,nan,1,
Mikhail Grigorenko,nan,1,
Nathan Gerbe,nan,1,
Anthony Deangelo,nan,1,
Daniel Walcott,nan,1,
Louis Belpedio,nan,1,
Tarmo Reunanen,nan,1,
Dominik Kahun,nan,1,
Anthony Bitetto,nan,1,
Valtteri Filppula,nan,1,
Christian Djoos,nan,1,
Jake Virtanen,nan,1,
Sami Vatanen,nan,1,
Joakim Nordstrom,nan,1,
Tobias Rieder,nan,1,
Andreas Borgman,nan,1,
Patrick Russell,nan,1,
Mikko Lehtonen,nan,1,
Matt Bartkowski,nan,1,
Lean Bergmann,nan,1,
Jake Gardiner,nan,1,
Luca Sbisa,nan,1,
Xavier Ouellet,nan,1,
Braydon Coburn,nan,1,
Mikko Koivu,nan,1,
Daniel Carr,nan,1,
Ivan Chekhovich,nan,1,
Brandon Davidson,nan,1,
Matt Calvert,nan,1,
Yegor Zamula,nan,1,
Carl Gunnarsson,nan,1,
Niklas Hjalmarsson,nan,1,
Frans Nielsen,nan,1,
Joachim Blichfeld,nan,1,
Jacob De La Rose,nan,1,
Alexei Melnichuk,nan,1,
Antti Suomela,nan,1,
Gaetan Haas,nan,1,
Nikita Nesterov,nan,1,
Luke Johnson,nan,1,
Joel L'Esperance,nan,1,
Samuel Morin,nan,1,
Patrick Marleau,nan,1,
Fredrik Handemark,nan,1,
Nick Caamano,nan,1,
Jayce Hawryluk,nan,1,
Marcus Sorensen,nan,1,
Tomas Jurco,nan,1,
Lucas Wallmark,nan,1,
Michael Frolik,nan,1,
Mark Alt,nan,1,
Andy Welinski,nan,1,
Brian Pinho,nan,1,
Kevin Czuczman,nan,1,
David Farrance,nan,1,
Dmytro Timashov,nan,1,
Aaron Ness,nan,1,
Brandon Pirri,nan,1,
Carsen Twarynski,nan,1,
Mathias Brome,nan,1,
Brinson Pasichnuk,nan,1,
Kasimir Kaskisuo,nan,1,
Zac Rinaldo,nan,1,
Ben Thomas,nan,1,
Michael Chaput,nan,1,
Keaton Middleton,nan,1,
Filip Chlapik,nan,1,
Hunter Miska,nan,1,
Yannick Weber,nan,1,
Olle Alsing,nan,1,
Micheal Haley,nan,1,
Marc Michaelis,nan,1,
David Kase,nan,1,
Drew Shore,nan,1,
Philippe Maillet,nan,1,
Joakim Ryan,nan,1,
Joakim Nygard,nan,1,
Maksim Sushko,nan,1,
Otto Leskinen,nan,1,
Brady Keeper,nan,1,
Par Lindholm,nan,1,
Drake Rymsha,nan,1,
Josh Currie,nan,1,
Vitali Abramov,nan,1,
Kenny Agostino,nan,1,
Artyom Zagidulin,nan,1,
Veini Vehvilainen,nan,1,
