Connor Mcdavid,1.0,5,  KKUPFL ADP: 1.0  |  Elite Prospects Rank: 1.0  |  Steve Laidlaw Rank: 1  |  DOM RK (PUCKIN AROUND): 1
Leon Draisaitl,2.58,5,  KKUPFL ADP: 2.23  |  Elite Prospects Rank: 2.0  |  Steve Laidlaw Rank: 2  |  DOM RK (PUCKIN AROUND): 3
Auston Matthews,3.35,5,  KKUPFL ADP: 4.16  |  Elite Prospects Rank: 5.0  |  Steve Laidlaw Rank: 6  |  DOM RK (PUCKIN AROUND): 2
Nathan Mackinnon,3.91,5,  KKUPFL ADP: 2.98  |  Elite Prospects Rank: 6.0  |  Steve Laidlaw Rank: 4  |  DOM RK (PUCKIN AROUND): 4
Matthew Tkachuk,6.72,5,  KKUPFL ADP: 7.25  |  Elite Prospects Rank: 12.0  |  Steve Laidlaw Rank: 9  |  DOM RK (PUCKIN AROUND): 5
David Pastrnak,6.78,5,  KKUPFL ADP: 5.16  |  Elite Prospects Rank: 16.0  |  Steve Laidlaw Rank: 7  |  DOM RK (PUCKIN AROUND): 6
Mikko Rantanen,6.93,5,  KKUPFL ADP: 6.25  |  Elite Prospects Rank: 7.0  |  Steve Laidlaw Rank: 8  |  DOM RK (PUCKIN AROUND): 7
Kirill Kaprizov,11.08,5,  KKUPFL ADP: 12.47  |  Elite Prospects Rank: 9.0  |  Steve Laidlaw Rank: 10  |  DOM RK (PUCKIN AROUND): 11
Nikita Kucherov,13.15,5,  KKUPFL ADP: 8.91  |  Elite Prospects Rank: 15.0  |  Steve Laidlaw Rank: 5  |  DOM RK (PUCKIN AROUND): 17
Brady Tkachuk,13.2,5,  KKUPFL ADP: 12.59  |  Elite Prospects Rank: 30.0  |  Steve Laidlaw Rank: 16  |  DOM RK (PUCKIN AROUND): 10
Alex Ovechkin,15.15,5,  KKUPFL ADP: 17.25  |  Elite Prospects Rank: 49.0  |  Steve Laidlaw Rank: 13  |  DOM RK (PUCKIN AROUND): 9
Mitch Marner,15.84,5,  KKUPFL ADP: 17.56  |  Elite Prospects Rank: 11.0  |  Steve Laidlaw Rank: 23  |  DOM RK (PUCKIN AROUND): 14
Jason Robertson,15.95,5,  KKUPFL ADP: 9.81  |  Elite Prospects Rank: 10.0  |  Steve Laidlaw Rank: 12  |  DOM RK (PUCKIN AROUND): 21
Jack Hughes,18.26,5,  KKUPFL ADP: 8.84  |  Elite Prospects Rank: 8.0  |  Steve Laidlaw Rank: 17  |  DOM RK (PUCKIN AROUND): 25
J.T. Miller,18.27,5,  KKUPFL ADP: 22.36  |  Elite Prospects Rank: 44.0  |  Steve Laidlaw Rank: 18  |  DOM RK (PUCKIN AROUND): 12
Cale Makar,18.86,5,  KKUPFL ADP: 13.47  |  Elite Prospects Rank: 4.0  |  Steve Laidlaw Rank: 3  |  DOM RK (PUCKIN AROUND): 28
Elias Pettersson,20.17,5,  KKUPFL ADP: 12.31  |  Elite Prospects Rank: 3.0  |  Steve Laidlaw Rank: 32  |  DOM RK (PUCKIN AROUND): 24
Tim Stutzle,20.48,5,  KKUPFL ADP: 17.83  |  Elite Prospects Rank: 17.0  |  Steve Laidlaw Rank: 34  |  DOM RK (PUCKIN AROUND): 19
Andrei Vasilevskiy,23.56,4,  KKUPFL ADP: 51.53  |  Elite Prospects Rank: 33.0  |  DOM RK (PUCKIN AROUND): 8
Tage Thompson,25.04,5,  KKUPFL ADP: 14.17  |  Elite Prospects Rank: 13.0  |  Steve Laidlaw Rank: 27  |  DOM RK (PUCKIN AROUND): 32
Aleksander Barkov,25.83,5,  KKUPFL ADP: 25.5  |  Elite Prospects Rank: 36.0  |  Steve Laidlaw Rank: 15  |  DOM RK (PUCKIN AROUND): 27
Mika Zibanejad,26.37,5,  KKUPFL ADP: 25.75  |  Elite Prospects Rank: 25.0  |  Steve Laidlaw Rank: 30  |  DOM RK (PUCKIN AROUND): 26
Roman Josi,26.48,5,  KKUPFL ADP: 18.69  |  Elite Prospects Rank: 52.0  |  Steve Laidlaw Rank: 11  |  DOM RK (PUCKIN AROUND): 30
Igor Shesterkin,28.26,4,  KKUPFL ADP: 49.55  |  Elite Prospects Rank: 14.0  |  DOM RK (PUCKIN AROUND): 20
Jake Oettinger,28.77,4,  KKUPFL ADP: 63.23  |  Elite Prospects Rank: 20.0  |  DOM RK (PUCKIN AROUND): 13
Sidney Crosby,29.17,5,  KKUPFL ADP: 22.81  |  Elite Prospects Rank: 21.0  |  Steve Laidlaw Rank: 20  |  DOM RK (PUCKIN AROUND): 36
Steven Stamkos,29.28,4,  KKUPFL ADP: 27.47  |  Steve Laidlaw Rank: 14  |  DOM RK (PUCKIN AROUND): 34
Ilya Sorokin,32.61,4,  KKUPFL ADP: 63.7  |  Elite Prospects Rank: 39.0  |  DOM RK (PUCKIN AROUND): 16
Timo Meier,32.86,5,  KKUPFL ADP: 21.3  |  Elite Prospects Rank: 68.0  |  Steve Laidlaw Rank: 76  |  DOM RK (PUCKIN AROUND): 22
William Nylander,34.34,5,  KKUPFL ADP: 25.45  |  Elite Prospects Rank: 23.0  |  Steve Laidlaw Rank: 41  |  DOM RK (PUCKIN AROUND): 39
Rasmus Dahlin,35.53,5,  KKUPFL ADP: 26.7  |  Elite Prospects Rank: 18.0  |  Steve Laidlaw Rank: 31  |  DOM RK (PUCKIN AROUND): 44
Juuse Saros,35.88,4,  KKUPFL ADP: 59.28  |  Elite Prospects Rank: 43.0  |  DOM RK (PUCKIN AROUND): 23
Connor Hellebuyck,36.59,4,  KKUPFL ADP: 74.31  |  Elite Prospects Rank: 35.0  |  DOM RK (PUCKIN AROUND): 18
Jake Guentzel,39.01,5,  KKUPFL ADP: 37.36  |  Elite Prospects Rank: 62.0  |  Steve Laidlaw Rank: 43  |  DOM RK (PUCKIN AROUND): 35
Brayden Point,39.07,5,  KKUPFL ADP: 29.11  |  Elite Prospects Rank: 38.0  |  Steve Laidlaw Rank: 52  |  DOM RK (PUCKIN AROUND): 41
Kyle Connor,39.35,5,  KKUPFL ADP: 28.36  |  Elite Prospects Rank: 48.0  |  Steve Laidlaw Rank: 25  |  DOM RK (PUCKIN AROUND): 47
John Tavares,39.84,5,  KKUPFL ADP: 38.39  |  Elite Prospects Rank: 61.0  |  Steve Laidlaw Rank: 40  |  DOM RK (PUCKIN AROUND): 37
Andrei Svechnikov,40.87,5,  KKUPFL ADP: 46.98  |  Elite Prospects Rank: 80.0  |  Steve Laidlaw Rank: 50  |  DOM RK (PUCKIN AROUND): 29
Alexandar Georgiev,43.35,4,  KKUPFL ADP: 71.83  |  Elite Prospects Rank: 32.0  |  DOM RK (PUCKIN AROUND): 31
Nico Hischier,45.65,5,  KKUPFL ADP: 45.84  |  Elite Prospects Rank: 41.0  |  Steve Laidlaw Rank: 71  |  DOM RK (PUCKIN AROUND): 40
Alex Debrincat,47.81,5,  KKUPFL ADP: 42.42  |  Elite Prospects Rank: 97.0  |  Steve Laidlaw Rank: 33  |  DOM RK (PUCKIN AROUND): 46
Moritz Seider,49.55,5,  KKUPFL ADP: 73.45  |  Elite Prospects Rank: 87.0  |  Steve Laidlaw Rank: 115  |  DOM RK (PUCKIN AROUND): 15
Roope Hintz,50.01,5,  KKUPFL ADP: 38.7  |  Elite Prospects Rank: 42.0  |  Steve Laidlaw Rank: 54  |  DOM RK (PUCKIN AROUND): 56
Alex Tuch,53.51,5,  KKUPFL ADP: 46.47  |  Elite Prospects Rank: 59.0  |  Steve Laidlaw Rank: 78  |  DOM RK (PUCKIN AROUND): 50
Jack Eichel,54.29,5,  KKUPFL ADP: 28.28  |  Elite Prospects Rank: 34.0  |  Steve Laidlaw Rank: 49  |  DOM RK (PUCKIN AROUND): 72
Zach Hyman,54.62,5,  KKUPFL ADP: 44.89  |  Elite Prospects Rank: 66.0  |  Steve Laidlaw Rank: 53  |  DOM RK (PUCKIN AROUND): 58
Evan Bouchard,55.27,5,  KKUPFL ADP: 38.38  |  Elite Prospects Rank: 51.0  |  Steve Laidlaw Rank: 21  |  DOM RK (PUCKIN AROUND): 73
Thatcher Demko,55.63,4,  KKUPFL ADP: 109.78  |  Elite Prospects Rank: 29.0  |  DOM RK (PUCKIN AROUND): 33
Artemi Panarin,55.86,5,  KKUPFL ADP: 37.64  |  Elite Prospects Rank: 27.0  |  Steve Laidlaw Rank: 19  |  DOM RK (PUCKIN AROUND): 79
Erik Karlsson,58.37,5,  KKUPFL ADP: 34.92  |  Elite Prospects Rank: 22.0  |  Steve Laidlaw Rank: 35  |  DOM RK (PUCKIN AROUND): 82
Ryan Nugent-Hopkins,58.4,5,  KKUPFL ADP: 46.2  |  Elite Prospects Rank: 47.0  |  Steve Laidlaw Rank: 28  |  DOM RK (PUCKIN AROUND): 74
Dougie Hamilton,58.65,5,  KKUPFL ADP: 29.5  |  Elite Prospects Rank: 31.0  |  Steve Laidlaw Rank: 22  |  DOM RK (PUCKIN AROUND): 87
Filip Forsberg,59.24,5,  KKUPFL ADP: 66.09  |  Elite Prospects Rank: 72.0  |  Steve Laidlaw Rank: 38  |  DOM RK (PUCKIN AROUND): 59
Adam Fox,60.7,5,  KKUPFL ADP: 39.69  |  Elite Prospects Rank: 24.0  |  Steve Laidlaw Rank: 46  |  DOM RK (PUCKIN AROUND): 81
Matt Boldy,60.7,5,  KKUPFL ADP: 76.19  |  Elite Prospects Rank: 75.0  |  Steve Laidlaw Rank: 51  |  DOM RK (PUCKIN AROUND): 53
Dylan Larkin,64.47,5,  KKUPFL ADP: 56.64  |  Elite Prospects Rank: 60.0  |  Steve Laidlaw Rank: 57  |  DOM RK (PUCKIN AROUND): 71
Travis Konecny,64.59,5,  KKUPFL ADP: 61.75  |  Elite Prospects Rank: 118.0  |  Steve Laidlaw Rank: 85  |  DOM RK (PUCKIN AROUND): 52
Clayton Keller,65.49,5,  KKUPFL ADP: 37.39  |  Elite Prospects Rank: 26.0  |  Steve Laidlaw Rank: 102  |  DOM RK (PUCKIN AROUND): 77
Kevin Fiala,66.16,5,  KKUPFL ADP: 45.8  |  Elite Prospects Rank: 46.0  |  Steve Laidlaw Rank: 45  |  DOM RK (PUCKIN AROUND): 85
Joe Pavelski,66.22,5,  KKUPFL ADP: 86.17  |  Elite Prospects Rank: 92.0  |  Steve Laidlaw Rank: 58  |  DOM RK (PUCKIN AROUND): 54
Brad Marchand,68.1,5,  KKUPFL ADP: 58.73  |  Elite Prospects Rank: 91.0  |  Steve Laidlaw Rank: 24  |  DOM RK (PUCKIN AROUND): 80
Miro Heiskanen,68.45,5,  KKUPFL ADP: 37.05  |  Elite Prospects Rank: 28.0  |  Steve Laidlaw Rank: 36  |  DOM RK (PUCKIN AROUND): 99
Victor Hedman,68.66,5,  KKUPFL ADP: 75.19  |  Elite Prospects Rank: 111.0  |  Steve Laidlaw Rank: 42  |  DOM RK (PUCKIN AROUND): 65
Adrian Kempe,69.98,5,  KKUPFL ADP: 61.77  |  Elite Prospects Rank: 138.0  |  Steve Laidlaw Rank: 77  |  DOM RK (PUCKIN AROUND): 61
Tristan Jarry,70.38,4,  KKUPFL ADP: 135.61  |  Elite Prospects Rank: 69.0  |  DOM RK (PUCKIN AROUND): 38
Filip Gustavsson,71.26,4,  KKUPFL ADP: 141.2  |  Elite Prospects Rank: 37.0  |  DOM RK (PUCKIN AROUND): 42
Pavel Buchnevich,74.27,5,  KKUPFL ADP: 84.72  |  Elite Prospects Rank: 90.0  |  Steve Laidlaw Rank: 64  |  DOM RK (PUCKIN AROUND): 69
Mikhail Sergachev,75.1,5,  KKUPFL ADP: 71.23  |  Elite Prospects Rank: 86.0  |  Steve Laidlaw Rank: 120  |  DOM RK (PUCKIN AROUND): 64
Bo Horvat,76.25,5,  KKUPFL ADP: 109.61  |  Elite Prospects Rank: 134.0  |  Steve Laidlaw Rank: 96  |  DOM RK (PUCKIN AROUND): 45
Chris Kreider,77.51,5,  KKUPFL ADP: 111.78  |  Elite Prospects Rank: 115.0  |  Steve Laidlaw Rank: 90  |  DOM RK (PUCKIN AROUND): 51
Sam Reinhart,77.66,5,  KKUPFL ADP: 86.52  |  Elite Prospects Rank: 83.0  |  Steve Laidlaw Rank: 63  |  DOM RK (PUCKIN AROUND): 76
Elias Lindholm,77.75,5,  KKUPFL ADP: 98.7  |  Elite Prospects Rank: 76.0  |  Steve Laidlaw Rank: 100  |  DOM RK (PUCKIN AROUND): 62
Joel Eriksson Ek,78.92,5,  KKUPFL ADP: 114.34  |  Elite Prospects Rank: 128.0  |  Steve Laidlaw Rank: 95  |  DOM RK (PUCKIN AROUND): 49
Jordan Kyrou,80.88,5,  KKUPFL ADP: 57.86  |  Elite Prospects Rank: 74.0  |  Steve Laidlaw Rank: 75  |  DOM RK (PUCKIN AROUND): 95
Valeri Nichushkin,81.31,5,  KKUPFL ADP: 90.86  |  Elite Prospects Rank: 127.0  |  Steve Laidlaw Rank: 89  |  DOM RK (PUCKIN AROUND): 67
Josh Morrissey,82.27,5,  KKUPFL ADP: 68.69  |  Elite Prospects Rank: 53.0  |  Steve Laidlaw Rank: 66  |  DOM RK (PUCKIN AROUND): 98
Ilya Samsonov,84.87,4,  KKUPFL ADP: 134.58  |  Elite Prospects Rank: 67.0  |  DOM RK (PUCKIN AROUND): 63
Johnny Gaudreau,86.91,5,  KKUPFL ADP: 57.64  |  Elite Prospects Rank: 45.0  |  Steve Laidlaw Rank: 61  |  DOM RK (PUCKIN AROUND): 115
Patrik Laine,89.36,5,  KKUPFL ADP: 63.72  |  Elite Prospects Rank: 94.0  |  Steve Laidlaw Rank: 59  |  DOM RK (PUCKIN AROUND): 109
Stuart Skinner,89.68,4,  KKUPFL ADP: 121.61  |  Elite Prospects Rank: 64.0  |  DOM RK (PUCKIN AROUND): 78
Mark Scheifele,90.6,5,  KKUPFL ADP: 90.95  |  Elite Prospects Rank: 55.0  |  Steve Laidlaw Rank: 72  |  DOM RK (PUCKIN AROUND): 101
Drake Batherson,90.64,5,  KKUPFL ADP: 96.28  |  Elite Prospects Rank: 137.0  |  Steve Laidlaw Rank: 55  |  DOM RK (PUCKIN AROUND): 89
Jacob Markstrom,91.66,4,  KKUPFL ADP: 167.53  |  Elite Prospects Rank: 126.0  |  DOM RK (PUCKIN AROUND): 48
Jonathan Huberdeau,91.87,5,  KKUPFL ADP: 79.52  |  Elite Prospects Rank: 65.0  |  Steve Laidlaw Rank: 74  |  DOM RK (PUCKIN AROUND): 107
Carter Verhaeghe,94.06,5,  KKUPFL ADP: 64.89  |  Elite Prospects Rank: 122.0  |  Steve Laidlaw Rank: 110  |  DOM RK (PUCKIN AROUND): 100
Alex Pietrangelo,96.64,5,  KKUPFL ADP: 83.28  |  Elite Prospects Rank: 125.0  |  Steve Laidlaw Rank: 123  |  DOM RK (PUCKIN AROUND): 92
Kris Letang,97.01,5,  KKUPFL ADP: 94.38  |  Elite Prospects Rank: 123.0  |  Steve Laidlaw Rank: 109  |  DOM RK (PUCKIN AROUND): 91
Sergei Bobrovsky,97.04,4,  KKUPFL ADP: 165.47  |  Elite Prospects Rank: 114.0  |  DOM RK (PUCKIN AROUND): 60
Anze Kopitar,97.31,5,  KKUPFL ADP: 111.52  |  Elite Prospects Rank: 108.0  |  Steve Laidlaw Rank: 107  |  DOM RK (PUCKIN AROUND): 86
Jesper Bratt,97.87,5,  KKUPFL ADP: 75.16  |  Elite Prospects Rank: 54.0  |  Steve Laidlaw Rank: 88  |  DOM RK (PUCKIN AROUND): 119
Charlie Mcavoy,98.56,5,  KKUPFL ADP: 90.3  |  Elite Prospects Rank: 93.0  |  Steve Laidlaw Rank: 97  |  DOM RK (PUCKIN AROUND): 104
John Carlson,98.71,5,  KKUPFL ADP: 44.56  |  Elite Prospects Rank: 169.0  |  Steve Laidlaw Rank: 39  |  DOM RK (PUCKIN AROUND): 129
Dylan Cozens,98.96,5,  KKUPFL ADP: 119.03  |  Elite Prospects Rank: 58.0  |  Steve Laidlaw Rank: 94  |  DOM RK (PUCKIN AROUND): 97
Darcy Kuemper,99.03,4,  KKUPFL ADP: 142.09  |  Elite Prospects Rank: 156.0  |  DOM RK (PUCKIN AROUND): 68
Vincent Trocheck,99.23,5,  KKUPFL ADP: 129.72  |  Elite Prospects Rank: 110.0  |  Steve Laidlaw Rank: 92  |  DOM RK (PUCKIN AROUND): 84
Connor Bedard,100.8,5,  KKUPFL ADP: 51.89  |  Elite Prospects Rank: 63.0  |  Steve Laidlaw Rank: 83  |  DOM RK (PUCKIN AROUND): 136
Rickard Rakell,101.68,5,  KKUPFL ADP: 114.11  |  Elite Prospects Rank: 179.0  |  Steve Laidlaw Rank: 80  |  DOM RK (PUCKIN AROUND): 88
Pierre-Luc Dubois,102.76,5,  KKUPFL ADP: 97.75  |  Elite Prospects Rank: 131.0  |  Steve Laidlaw Rank: 73  |  DOM RK (PUCKIN AROUND): 108
Claude Giroux,103.02,5,  KKUPFL ADP: 79.56  |  Elite Prospects Rank: 112.0  |  Steve Laidlaw Rank: 84  |  DOM RK (PUCKIN AROUND): 118
Martin Necas,103.04,5,  KKUPFL ADP: 94.0  |  Elite Prospects Rank: 78.0  |  Steve Laidlaw Rank: 70  |  DOM RK (PUCKIN AROUND): 120
Linus Ullmark,103.49,4,  KKUPFL ADP: 114.31  |  Elite Prospects Rank: 56.0  |  DOM RK (PUCKIN AROUND): 106
Jonathan Marchessault,105.0,5,  KKUPFL ADP: 101.33  |  Elite Prospects Rank: 146.0  |  Steve Laidlaw Rank: 65  |  DOM RK (PUCKIN AROUND): 110
Mat Barzal,105.0,1,  Steve Laidlaw Rank: 105
Quinn Hughes,105.35,5,  KKUPFL ADP: 67.52  |  Elite Prospects Rank: 19.0  |  Steve Laidlaw Rank: 48  |  DOM RK (PUCKIN AROUND): 153
Brandon Hagel,108.04,5,  KKUPFL ADP: 146.33  |  Elite Prospects Rank: 88.0  |  Steve Laidlaw Rank: 145  |  DOM RK (PUCKIN AROUND): 83
Seth Jones,108.55,5,  KKUPFL ADP: 109.12  |  Elite Prospects Rank: 102.0  |  Steve Laidlaw Rank: 106  |  DOM RK (PUCKIN AROUND): 110
Jeff Skinner,108.64,5,  KKUPFL ADP: 84.12  |  Elite Prospects Rank: 70.0  |  Steve Laidlaw Rank: 82  |  DOM RK (PUCKIN AROUND): 134
Jordan Binnington,111.19,4,  KKUPFL ADP: 221.95  |  Elite Prospects Rank: 188.0  |  DOM RK (PUCKIN AROUND): 43
Jared Mccann,111.68,5,  KKUPFL ADP: 106.09  |  Elite Prospects Rank: 132.0  |  Steve Laidlaw Rank: 116  |  DOM RK (PUCKIN AROUND): 110
John Gibson,114.55,4,  KKUPFL ADP: 209.49  |  Elite Prospects Rank: 187.0  |  DOM RK (PUCKIN AROUND): 55
Evgeni Malkin,115.28,5,  KKUPFL ADP: 75.06  |  Elite Prospects Rank: 73.0  |  Steve Laidlaw Rank: 29  |  DOM RK (PUCKIN AROUND): 164
Jacob Trouba,116.09,4,  KKUPFL ADP: 118.33  |  Steve Laidlaw Rank: 168  |  DOM RK (PUCKIN AROUND): 102
Owen Tippett,116.31,5,  KKUPFL ADP: 134.53  |  Elite Prospects Rank: 172.0  |  Steve Laidlaw Rank: 148  |  DOM RK (PUCKIN AROUND): 90
Phillipp Grubauer,117.0,1,  Elite Prospects Rank: 117.0
Evander Kane,117.18,5,  KKUPFL ADP: 54.52  |  Elite Prospects Rank: 152.0  |  Steve Laidlaw Rank: 60  |  DOM RK (PUCKIN AROUND): 157
Matty Beniers,118.44,5,  KKUPFL ADP: 146.86  |  Elite Prospects Rank: 95.0  |  Steve Laidlaw Rank: 179  |  DOM RK (PUCKIN AROUND): 93
Mats Zuccarello,118.99,5,  KKUPFL ADP: 122.47  |  Elite Prospects Rank: 119.0  |  Steve Laidlaw Rank: 56  |  DOM RK (PUCKIN AROUND): 133
Cole Caufield,119.27,5,  KKUPFL ADP: 69.19  |  Elite Prospects Rank: 96.0  |  Steve Laidlaw Rank: 108  |  DOM RK (PUCKIN AROUND): 151
Artturi Lehkonen,119.5,5,  KKUPFL ADP: 151.41  |  Elite Prospects Rank: 173.0  |  Steve Laidlaw Rank: 114  |  DOM RK (PUCKIN AROUND): 96
Tom Wilson,119.8,5,  KKUPFL ADP: 148.39  |  Elite Prospects Rank: 199.0  |  Steve Laidlaw Rank: 113  |  DOM RK (PUCKIN AROUND): 94
Vitek Vanecek,119.88,4,  KKUPFL ADP: 146.59  |  Elite Prospects Rank: 57.0  |  DOM RK (PUCKIN AROUND): 117
Jamie Benn,120.11,5,  KKUPFL ADP: 150.94  |  Elite Prospects Rank: 159.0  |  Steve Laidlaw Rank: 93  |  DOM RK (PUCKIN AROUND): 105
Nikolaj Ehlers,120.92,5,  KKUPFL ADP: 81.19  |  Elite Prospects Rank: 109.0  |  Steve Laidlaw Rank: 104  |  DOM RK (PUCKIN AROUND): 147
Nick Suzuki,121.24,5,  KKUPFL ADP: 136.58  |  Elite Prospects Rank: 77.0  |  Steve Laidlaw Rank: 117  |  DOM RK (PUCKIN AROUND): 122
Trevor Zegras,122.45,5,  KKUPFL ADP: 109.72  |  Elite Prospects Rank: 50.0  |  Steve Laidlaw Rank: 130  |  DOM RK (PUCKIN AROUND): 139
Tomas Hertl,123.56,5,  KKUPFL ADP: 161.8  |  Elite Prospects Rank: 121.0  |  Steve Laidlaw Rank: 103  |  DOM RK (PUCKIN AROUND): 110
Darnell Nurse,124.35,4,  KKUPFL ADP: 105.72  |  Steve Laidlaw Rank: 163  |  DOM RK (PUCKIN AROUND): 124
Troy Terry,125.95,5,  KKUPFL ADP: 110.14  |  Elite Prospects Rank: 104.0  |  Steve Laidlaw Rank: 136  |  DOM RK (PUCKIN AROUND): 135
Mark Stone,126.05,5,  KKUPFL ADP: 111.69  |  Elite Prospects Rank: 105.0  |  Steve Laidlaw Rank: 101  |  DOM RK (PUCKIN AROUND): 143
Radko Gudas,127.57,3,  KKUPFL ADP: 250.71  |  DOM RK (PUCKIN AROUND): 66
Noah Dobson,127.84,5,  KKUPFL ADP: 94.39  |  Elite Prospects Rank: 107.0  |  Steve Laidlaw Rank: 68  |  DOM RK (PUCKIN AROUND): 163
Adin Hill,127.89,4,  KKUPFL ADP: 203.62  |  Elite Prospects Rank: 218.0  |  DOM RK (PUCKIN AROUND): 75
Justin Faulk,129.42,4,  KKUPFL ADP: 134.48  |  Steve Laidlaw Rank: 137  |  DOM RK (PUCKIN AROUND): 125
Logan Couture,130.38,5,  KKUPFL ADP: 170.94  |  Elite Prospects Rank: 178.0  |  Steve Laidlaw Rank: 127  |  DOM RK (PUCKIN AROUND): 103
Morgan Rielly,131.84,5,  KKUPFL ADP: 111.56  |  Elite Prospects Rank: 79.0  |  Steve Laidlaw Rank: 99  |  DOM RK (PUCKIN AROUND): 159
Mathew Barzal,131.87,4,  KKUPFL ADP: 135.91  |  Elite Prospects Rank: 89.0  |  DOM RK (PUCKIN AROUND): 137
Brock Nelson,132.95,5,  KKUPFL ADP: 136.16  |  Elite Prospects Rank: 144.0  |  Steve Laidlaw Rank: 143  |  DOM RK (PUCKIN AROUND): 127
Nazem Kadri,134.36,5,  KKUPFL ADP: 145.89  |  Elite Prospects Rank: 116.0  |  Steve Laidlaw Rank: 69  |  DOM RK (PUCKIN AROUND): 148
Jake Debrusk,134.97,5,  KKUPFL ADP: 133.73  |  Elite Prospects Rank: 149.0  |  Steve Laidlaw Rank: 176  |  DOM RK (PUCKIN AROUND): 123
Gabe Vilardi,135.0,1,  Steve Laidlaw Rank: 135
Adam Larsson,135.24,3,  KKUPFL ADP: 173.72  |  DOM RK (PUCKIN AROUND): 116
Zach Werenski,136.79,5,  KKUPFL ADP: 70.52  |  Elite Prospects Rank: 100.0  |  Steve Laidlaw Rank: 37  |  DOM RK (PUCKIN AROUND): 201
Brandon Montour,137.82,5,  KKUPFL ADP: 70.16  |  Elite Prospects Rank: 182.0  |  Steve Laidlaw Rank: 47  |  DOM RK (PUCKIN AROUND): 187
Tyler Toffoli,139.02,5,  KKUPFL ADP: 90.08  |  Elite Prospects Rank: 154.0  |  Steve Laidlaw Rank: 91  |  DOM RK (PUCKIN AROUND): 173
Tj Oshie,140.0,1,  Steve Laidlaw Rank: 140
Devon Toews,141.12,5,  KKUPFL ADP: 129.11  |  Elite Prospects Rank: 160.0  |  Steve Laidlaw Rank: 141  |  DOM RK (PUCKIN AROUND): 144
Devon Levi,141.8,4,  KKUPFL ADP: 192.48  |  Elite Prospects Rank: 114.5  |  DOM RK (PUCKIN AROUND): 121
Brent Burns,142.91,5,  KKUPFL ADP: 78.17  |  Elite Prospects Rank: 98.0  |  Steve Laidlaw Rank: 62  |  DOM RK (PUCKIN AROUND): 203
Tanner Jeannot,143.11,4,  KKUPFL ADP: 246.88  |  Steve Laidlaw Rank: 228  |  DOM RK (PUCKIN AROUND): 70
Boone Jenner,143.31,5,  KKUPFL ADP: 148.34  |  Elite Prospects Rank: 216.0  |  Steve Laidlaw Rank: 138  |  DOM RK (PUCKIN AROUND): 130
Elvis Merzlikins,144.62,3,  KKUPFL ADP: 213.88  |  DOM RK (PUCKIN AROUND): 110
Rasmus Andersson,144.66,5,  KKUPFL ADP: 127.88  |  Elite Prospects Rank: 113.0  |  Steve Laidlaw Rank: 134  |  DOM RK (PUCKIN AROUND): 161
Drew Doughty,144.95,5,  KKUPFL ADP: 120.47  |  Elite Prospects Rank: 101.0  |  Steve Laidlaw Rank: 67  |  DOM RK (PUCKIN AROUND): 184
Vince Dunn,145.04,5,  KKUPFL ADP: 104.64  |  Elite Prospects Rank: 106.0  |  Steve Laidlaw Rank: 132  |  DOM RK (PUCKIN AROUND): 175
Brayden Schenn,147.53,5,  KKUPFL ADP: 192.7  |  Elite Prospects Rank: 166.0  |  Steve Laidlaw Rank: 131  |  DOM RK (PUCKIN AROUND): 126
Nick Schmaltz,148.62,5,  KKUPFL ADP: 132.39  |  Elite Prospects Rank: 124.0  |  Steve Laidlaw Rank: 152  |  DOM RK (PUCKIN AROUND): 160
Mackenzie Weegar,150.07,3,  KKUPFL ADP: 160.2  |  DOM RK (PUCKIN AROUND): 145
Vladimir Tarasenko,150.12,5,  KKUPFL ADP: 118.11  |  Elite Prospects Rank: 82.0  |  Steve Laidlaw Rank: 164  |  DOM RK (PUCKIN AROUND): 174
Nick Backstrom,151.0,1,  Steve Laidlaw Rank: 151
Taylor Hall,151.18,5,  KKUPFL ADP: 157.52  |  Elite Prospects Rank: 153.0  |  Steve Laidlaw Rank: 142  |  DOM RK (PUCKIN AROUND): 150
Mike Matheson,151.48,5,  KKUPFL ADP: 111.52  |  Elite Prospects Rank: 161.0  |  Steve Laidlaw Rank: 79  |  DOM RK (PUCKIN AROUND): 188
Jean-Gabriel Pageau,152.0,2,  DOM RK (PUCKIN AROUND): 152
Dawson Mercer,152.4,5,  KKUPFL ADP: 152.7  |  Elite Prospects Rank: 141.0  |  Steve Laidlaw Rank: 201  |  DOM RK (PUCKIN AROUND): 142
Thomas Chabot,153.02,5,  KKUPFL ADP: 122.75  |  Elite Prospects Rank: 85.0  |  Steve Laidlaw Rank: 87  |  DOM RK (PUCKIN AROUND): 196
Josh Norris,153.49,5,  KKUPFL ADP: 129.72  |  Elite Prospects Rank: 140.0  |  Steve Laidlaw Rank: 112  |  DOM RK (PUCKIN AROUND): 178
Sam Bennett,154.43,5,  KKUPFL ADP: 171.81  |  Elite Prospects Rank: 233.0  |  Steve Laidlaw Rank: 125  |  DOM RK (PUCKIN AROUND): 140
Ivan Barbashev,154.54,5,  KKUPFL ADP: 164.25  |  Elite Prospects Rank: 194.0  |  Steve Laidlaw Rank: 203  |  DOM RK (PUCKIN AROUND): 131
Joonas Korpisalo,154.57,4,  KKUPFL ADP: 173.91  |  Elite Prospects Rank: 148.0  |  DOM RK (PUCKIN AROUND): 146
Shea Theodore,154.66,5,  KKUPFL ADP: 103.55  |  Elite Prospects Rank: 103.0  |  Steve Laidlaw Rank: 86  |  DOM RK (PUCKIN AROUND): 206
Carter Hart,154.93,4,  KKUPFL ADP: 185.42  |  Elite Prospects Rank: 225.0  |  DOM RK (PUCKIN AROUND): 128
Chandler Stephenson,155.67,5,  KKUPFL ADP: 191.23  |  Elite Prospects Rank: 129.0  |  Steve Laidlaw Rank: 161  |  DOM RK (PUCKIN AROUND): 141
Andrei Kuzmenko,155.88,5,  KKUPFL ADP: 109.38  |  Elite Prospects Rank: 71.0  |  Steve Laidlaw Rank: 185  |  DOM RK (PUCKIN AROUND): 186
David Perron,155.94,5,  KKUPFL ADP: 181.28  |  Elite Prospects Rank: 192.0  |  Steve Laidlaw Rank: 81  |  DOM RK (PUCKIN AROUND): 156
Philipp Grubauer,158.1,3,  KKUPFL ADP: 198.29  |  DOM RK (PUCKIN AROUND): 138
Lawson Crouse,160.51,4,  KKUPFL ADP: 204.79  |  Steve Laidlaw Rank: 186  |  DOM RK (PUCKIN AROUND): 132
Frederik Andersen,164.97,4,  KKUPFL ADP: 166.58  |  Elite Prospects Rank: 130.0  |  DOM RK (PUCKIN AROUND): 170
Sean Durzi,165.09,4,  KKUPFL ADP: 159.33  |  Steve Laidlaw Rank: 149  |  DOM RK (PUCKIN AROUND): 172
Jakob Chychrun,165.12,5,  KKUPFL ADP: 102.47  |  Elite Prospects Rank: 171.0  |  Steve Laidlaw Rank: 111  |  DOM RK (PUCKIN AROUND): 209
Martin Fehervary,167.0,2,  DOM RK (PUCKIN AROUND): 167
Mario Ferraro,168.0,2,  DOM RK (PUCKIN AROUND): 168
Pavel Zacha,168.71,5,  KKUPFL ADP: 171.2  |  Elite Prospects Rank: 120.0  |  Steve Laidlaw Rank: 239  |  DOM RK (PUCKIN AROUND): 158
Anders Lee,168.84,5,  KKUPFL ADP: 194.89  |  Elite Prospects Rank: 214.0  |  Steve Laidlaw Rank: 146  |  DOM RK (PUCKIN AROUND): 154
Robert Thomas,169.0,5,  KKUPFL ADP: 166.84  |  Elite Prospects Rank: 84.0  |  Steve Laidlaw Rank: 126  |  DOM RK (PUCKIN AROUND): 195
Lucas Raymond,170.98,5,  KKUPFL ADP: 175.41  |  Elite Prospects Rank: 99.0  |  Steve Laidlaw Rank: 170  |  DOM RK (PUCKIN AROUND): 181
Viktor Arvidsson,171.19,5,  KKUPFL ADP: 137.22  |  Elite Prospects Rank: 168.0  |  Steve Laidlaw Rank: 118  |  DOM RK (PUCKIN AROUND): 202
Ville Husso,171.63,3,  KKUPFL ADP: 182.89  |  DOM RK (PUCKIN AROUND): 166
Bryan Rust,175.57,5,  KKUPFL ADP: 188.17  |  Elite Prospects Rank: 229.0  |  Steve Laidlaw Rank: 133  |  DOM RK (PUCKIN AROUND): 171
Garnet Hathaway,183.0,2,  DOM RK (PUCKIN AROUND): 183
Reilly Smith,184.15,5,  KKUPFL ADP: 180.42  |  Elite Prospects Rank: 186.0  |  Steve Laidlaw Rank: 171  |  DOM RK (PUCKIN AROUND): 189
Seth Jarvis,184.97,5,  KKUPFL ADP: 204.21  |  Elite Prospects Rank: 139.0  |  Steve Laidlaw Rank: 213  |  DOM RK (PUCKIN AROUND): 176
Andrew Mangiapane,187.84,5,  KKUPFL ADP: 234.03  |  Elite Prospects Rank: 210.0  |  Steve Laidlaw Rank: 172  |  DOM RK (PUCKIN AROUND): 165
Karel Vejmelka,189.42,4,  KKUPFL ADP: 224.41  |  Elite Prospects Rank: 81.0  |  DOM RK (PUCKIN AROUND): 190
Neal Pionk,189.61,4,  KKUPFL ADP: 224.13  |  Steve Laidlaw Rank: 231  |  DOM RK (PUCKIN AROUND): 162
Ross Colton,189.62,4,  KKUPFL ADP: 248.16  |  Steve Laidlaw Rank: 235  |  DOM RK (PUCKIN AROUND): 149
Alex Killorn,190.19,5,  KKUPFL ADP: 216.41  |  Elite Prospects Rank: 191.0  |  Steve Laidlaw Rank: 190  |  DOM RK (PUCKIN AROUND): 177
Brock Boeser,190.52,5,  KKUPFL ADP: 187.98  |  Elite Prospects Rank: 151.0  |  Steve Laidlaw Rank: 128  |  DOM RK (PUCKIN AROUND): 214
Tyler Bertuzzi,190.8,5,  KKUPFL ADP: 133.56  |  Elite Prospects Rank: 136.0  |  Steve Laidlaw Rank: 129  |  DOM RK (PUCKIN AROUND): 244
Kaapo Kahkonen,192.0,2,  DOM RK (PUCKIN AROUND): 192
Pheonix Copley,192.86,4,  KKUPFL ADP: 224.55  |  Elite Prospects Rank: 145.0  |  DOM RK (PUCKIN AROUND): 185
K'Andre Miller,193.82,4,  KKUPFL ADP: 178.06  |  Elite Prospects Rank: 162.0  |  DOM RK (PUCKIN AROUND): 207
Tommy Novak,194.4,2,  Elite Prospects Rank: 249.0  |  Steve Laidlaw Rank: 158
Nino Niederreiter,194.5,5,  KKUPFL ADP: 248.09  |  Elite Prospects Rank: 234.0  |  Steve Laidlaw Rank: 219  |  DOM RK (PUCKIN AROUND): 155
Ryan Hartman,195.38,5,  KKUPFL ADP: 179.14  |  Elite Prospects Rank: 232.0  |  Steve Laidlaw Rank: 193  |  DOM RK (PUCKIN AROUND): 198
Jeff Petry,196.09,4,  KKUPFL ADP: 210.3  |  Steve Laidlaw Rank: 188  |  DOM RK (PUCKIN AROUND): 191
Andre Burakovsky,196.12,5,  KKUPFL ADP: 221.8  |  Elite Prospects Rank: 183.0  |  Steve Laidlaw Rank: 122  |  DOM RK (PUCKIN AROUND): 204
Jared Spurgeon,197.07,4,  KKUPFL ADP: 196.73  |  Steve Laidlaw Rank: 154  |  DOM RK (PUCKIN AROUND): 208
Mason Mctavish,198.72,5,  KKUPFL ADP: 226.08  |  Elite Prospects Rank: 158.0  |  Steve Laidlaw Rank: 178  |  DOM RK (PUCKIN AROUND): 197
Scott Laughton,199.1,4,  KKUPFL ADP: 249.83  |  Steve Laidlaw Rank: 218  |  DOM RK (PUCKIN AROUND): 169
Patrick Kane,201.42,3,  KKUPFL ADP: 150.25  |  DOM RK (PUCKIN AROUND): 227
Dylan Dube,203.0,1,  Elite Prospects Rank: 203.0
Brayden Mcnabb,203.93,3,  KKUPFL ADP: 251.8  |  DOM RK (PUCKIN AROUND): 180
Noah Hanifin,204.47,5,  KKUPFL ADP: 223.3  |  Elite Prospects Rank: 150.0  |  Steve Laidlaw Rank: 181  |  DOM RK (PUCKIN AROUND): 210
Rasmus Ristolainen,204.72,3,  KKUPFL ADP: 250.17  |  DOM RK (PUCKIN AROUND): 182
Marcus Foligno,205.0,2,  DOM RK (PUCKIN AROUND): 205
Josh Anderson,206.7,4,  KKUPFL ADP: 252.46  |  Steve Laidlaw Rank: 226  |  DOM RK (PUCKIN AROUND): 179
Jake Sanderson,206.97,4,  KKUPFL ADP: 176.89  |  Steve Laidlaw Rank: 147  |  DOM RK (PUCKIN AROUND): 237
Gustav Forsling,207.68,4,  KKUPFL ADP: 164.89  |  Steve Laidlaw Rank: 204  |  DOM RK (PUCKIN AROUND): 230
T.J. Oshie,210.56,3,  KKUPFL ADP: 245.67  |  DOM RK (PUCKIN AROUND): 193
Tyler Seguin,211.76,5,  KKUPFL ADP: 227.57  |  Elite Prospects Rank: 176.0  |  Steve Laidlaw Rank: 167  |  DOM RK (PUCKIN AROUND): 221
Jeremy Swayman,212.73,3,  KKUPFL ADP: 212.18  |  DOM RK (PUCKIN AROUND): 213
Luke Hughes,214.26,4,  KKUPFL ADP: 173.42  |  Steve Laidlaw Rank: 225  |  DOM RK (PUCKIN AROUND): 232
Matt Duchene,214.29,5,  KKUPFL ADP: 178.45  |  Elite Prospects Rank: 180.0  |  Steve Laidlaw Rank: 162  |  DOM RK (PUCKIN AROUND): 251
Mikael Backlund,215.19,4,  KKUPFL ADP: 216.67  |  Steve Laidlaw Rank: 205  |  DOM RK (PUCKIN AROUND): 217
Oliver Bjorkstrand,215.92,5,  KKUPFL ADP: 229.36  |  Elite Prospects Rank: 190.0  |  Steve Laidlaw Rank: 182  |  DOM RK (PUCKIN AROUND): 222
Jason Zucker,216.37,4,  KKUPFL ADP: 229.3  |  Steve Laidlaw Rank: 196  |  DOM RK (PUCKIN AROUND): 215
Phillip Danault,216.51,5,  KKUPFL ADP: 248.11  |  Elite Prospects Rank: 175.0  |  Steve Laidlaw Rank: 271  |  DOM RK (PUCKIN AROUND): 194
Luke Schenn,216.73,3,  KKUPFL ADP: 252.19  |  DOM RK (PUCKIN AROUND): 199
Dmitry Orlov,216.95,4,  KKUPFL ADP: 231.32  |  Steve Laidlaw Rank: 208  |  DOM RK (PUCKIN AROUND): 212
Dillon Dube,217.5,3,  KKUPFL ADP: 252.5  |  DOM RK (PUCKIN AROUND): 200
Erik Cernak,218.0,2,  DOM RK (PUCKIN AROUND): 218
Keegan Kolesar,220.0,2,  DOM RK (PUCKIN AROUND): 220
Jordan Eberle,220.48,5,  KKUPFL ADP: 230.36  |  Elite Prospects Rank: 184.0  |  Steve Laidlaw Rank: 183  |  DOM RK (PUCKIN AROUND): 231
Hampus Lindholm,220.95,5,  KKUPFL ADP: 158.81  |  Elite Prospects Rank: 167.0  |  Steve Laidlaw Rank: 157  |  DOM RK (PUCKIN AROUND): 277
Alexis Lafreniere,222.87,4,  KKUPFL ADP: 239.56  |  Steve Laidlaw Rank: 237  |  DOM RK (PUCKIN AROUND): 211
Brandt Clarke,222.91,4,  KKUPFL ADP: 243.67  |  Steve Laidlaw Rank: 197  |  DOM RK (PUCKIN AROUND): 219
Frank Vatrano,225.34,4,  KKUPFL ADP: 243.18  |  Steve Laidlaw Rank: 199  |  DOM RK (PUCKIN AROUND): 223
Eeli Tolvanen,225.42,4,  KKUPFL ADP: 244.47  |  Steve Laidlaw Rank: 189  |  DOM RK (PUCKIN AROUND): 225
Jakub Vrana,225.65,5,  KKUPFL ADP: 183.48  |  Elite Prospects Rank: 165.0  |  Steve Laidlaw Rank: 169  |  DOM RK (PUCKIN AROUND): 271
Rafael Harvey-Pinard,226.7,3,  KKUPFL ADP: 248.11  |  DOM RK (PUCKIN AROUND): 216
Brandon Tanev,228.0,2,  DOM RK (PUCKIN AROUND): 228
Alexander Barabanov,229.51,3,  KKUPFL ADP: 252.59  |  Elite Prospects Rank: 212.0  |  Steve Laidlaw Rank: 195
Charlie Coyle,231.01,5,  KKUPFL ADP: 251.89  |  Elite Prospects Rank: 164.0  |  Steve Laidlaw Rank: 242  |  DOM RK (PUCKIN AROUND): 229
Evgeny Kuznetsov,231.02,5,  KKUPFL ADP: 223.42  |  Elite Prospects Rank: 155.0  |  Steve Laidlaw Rank: 121  |  DOM RK (PUCKIN AROUND): 275
Michael Bunting,231.66,4,  KKUPFL ADP: 244.31  |  Steve Laidlaw Rank: 173  |  DOM RK (PUCKIN AROUND): 240
Sean Couturier,233.04,5,  KKUPFL ADP: 200.67  |  Elite Prospects Rank: 143.0  |  Steve Laidlaw Rank: 150  |  DOM RK (PUCKIN AROUND): 285
Adam Henrique,233.46,4,  KKUPFL ADP: 251.61  |  Steve Laidlaw Rank: 187  |  DOM RK (PUCKIN AROUND): 236
Lukas Reichel,233.88,5,  KKUPFL ADP: 209.89  |  Elite Prospects Rank: 197.0  |  Steve Laidlaw Rank: 230  |  DOM RK (PUCKIN AROUND): 253
Colton Parayko,234.26,3,  KKUPFL ADP: 250.78  |  DOM RK (PUCKIN AROUND): 226
Cam Fowler,234.66,4,  KKUPFL ADP: 222.31  |  Steve Laidlaw Rank: 174  |  DOM RK (PUCKIN AROUND): 256
William Karlsson,237.31,5,  KKUPFL ADP: 250.18  |  Elite Prospects Rank: 207.0  |  Steve Laidlaw Rank: 241  |  DOM RK (PUCKIN AROUND): 235
Esa Lindell,238.0,2,  DOM RK (PUCKIN AROUND): 238
Anthony Beauvillier,238.75,5,  KKUPFL ADP: 239.05  |  Elite Prospects Rank: 200.0  |  Steve Laidlaw Rank: 247  |  DOM RK (PUCKIN AROUND): 243
Blake Coleman,238.81,5,  KKUPFL ADP: 252.78  |  Elite Prospects Rank: 248.0  |  Steve Laidlaw Rank: 264  |  DOM RK (PUCKIN AROUND): 224
Trevor Moore,239.48,3,  KKUPFL ADP: 250.43  |  DOM RK (PUCKIN AROUND): 234
Torey Krug,239.77,5,  KKUPFL ADP: 220.12  |  Elite Prospects Rank: 135.0  |  Steve Laidlaw Rank: 124  |  DOM RK (PUCKIN AROUND): 296
Ryan Pulock,240.65,4,  KKUPFL ADP: 252.28  |  Steve Laidlaw Rank: 248  |  DOM RK (PUCKIN AROUND): 233
Yanni Gourde,241.57,5,  KKUPFL ADP: 252.35  |  Elite Prospects Rank: 206.0  |  Steve Laidlaw Rank: 246  |  DOM RK (PUCKIN AROUND): 241
Connor Clifton,242.0,2,  DOM RK (PUCKIN AROUND): 242
Patrice Bergeron,242.61,1,  KKUPFL ADP: 242.61
Ryan Graves,243.46,3,  KKUPFL ADP: 252.39  |  DOM RK (PUCKIN AROUND): 239
Filip Hronek,243.5,5,  KKUPFL ADP: 228.74  |  Elite Prospects Rank: 170.0  |  Steve Laidlaw Rank: 224  |  DOM RK (PUCKIN AROUND): 268
Barrett Hayton,243.74,5,  KKUPFL ADP: 202.5  |  Elite Prospects Rank: 142.0  |  Steve Laidlaw Rank: 217  |  DOM RK (PUCKIN AROUND): 288
Nick Paul,245.0,2,  DOM RK (PUCKIN AROUND): 245
Logan Cooley,245.37,5,  KKUPFL ADP: 236.08  |  Elite Prospects Rank: 222.0  |  Steve Laidlaw Rank: 209  |  DOM RK (PUCKIN AROUND): 263
Blake Wheeler,245.38,5,  KKUPFL ADP: 190.3  |  Elite Prospects Rank: 181.0  |  Steve Laidlaw Rank: 180  |  DOM RK (PUCKIN AROUND): 300
Evgeny Svechnikov,245.5,1,  KKUPFL ADP: 245.5
Tyson Foerster,246.09,1,  KKUPFL ADP: 246.09
Alex Romanov,248.0,2,  DOM RK (PUCKIN AROUND): 248
Kirill Marchenko,248.7,5,  KKUPFL ADP: 248.18  |  Elite Prospects Rank: 236.0  |  Steve Laidlaw Rank: 257  |  DOM RK (PUCKIN AROUND): 249
Ivan Provorov,249.22,4,  KKUPFL ADP: 251.28  |  Steve Laidlaw Rank: 258  |  DOM RK (PUCKIN AROUND): 246
J.J. Moser,249.53,2,  KKUPFL ADP: 250.37  |  Elite Prospects Rank: 247.0
Aaron Ekblad,249.69,5,  KKUPFL ADP: 133.16  |  Elite Prospects Rank: 237.0  |  Steve Laidlaw Rank: 26  |  DOM RK (PUCKIN AROUND): 366
Mattias Ekholm,251.09,4,  KKUPFL ADP: 184.81  |  Steve Laidlaw Rank: 256  |  DOM RK (PUCKIN AROUND): 283
Connor Carrick,251.13,1,  KKUPFL ADP: 251.13
Lukas Rousek,251.29,1,  KKUPFL ADP: 251.29
Sammy Blais,251.35,3,  KKUPFL ADP: 250.05  |  DOM RK (PUCKIN AROUND): 252
Jaromir Jagr,251.61,1,  KKUPFL ADP: 251.61
Joel Farabee,251.92,4,  KKUPFL ADP: 251.72  |  Steve Laidlaw Rank: 272  |  DOM RK (PUCKIN AROUND): 247
Damien Giroux,252.17,1,  KKUPFL ADP: 252.17
Mathew Dumba,252.44,1,  KKUPFL ADP: 252.44
Jet Greaves,252.54,1,  KKUPFL ADP: 252.54
Scott Perunovich,252.61,1,  KKUPFL ADP: 252.61
Alex Galchenyuk,252.85,1,  KKUPFL ADP: 252.85
Simon Benoit,252.85,1,  KKUPFL ADP: 252.85
Matvei Michkov,252.94,1,  KKUPFL ADP: 252.94
Luke Evangelista,253.5,5,  KKUPFL ADP: 251.41  |  Elite Prospects Rank: 202.0  |  Steve Laidlaw Rank: 194  |  DOM RK (PUCKIN AROUND): 278
Kaiden Guhle,253.51,3,  KKUPFL ADP: 252.53  |  DOM RK (PUCKIN AROUND): 254
Jack Roslovic,254.29,3,  Elite Prospects Rank: 250.0  |  DOM RK (PUCKIN AROUND): 255
Adam Lowry,254.38,4,  KKUPFL ADP: 252.81  |  Steve Laidlaw Rank: 275  |  DOM RK (PUCKIN AROUND): 250
Erik Gustafsson,255.64,2,  KKUPFL ADP: 252.96  |  Steve Laidlaw Rank: 261
Ryan O'Reilly,256.02,5,  KKUPFL ADP: 222.41  |  Elite Prospects Rank: 174.0  |  Steve Laidlaw Rank: 166  |  DOM RK (PUCKIN AROUND): 309
Jani Hakanpaa,256.09,3,  KKUPFL ADP: 252.26  |  DOM RK (PUCKIN AROUND): 258
Sebastian Aho,256.14,7,  KKUPFL ADP: 48.81  |  Elite Prospects Rank: 40.0  |  Steve Laidlaw Rank: 44  |  DOM RK (PUCKIN AROUND): 57  |  DOM RK (PUCKIN AROUND): 648
Erik Haula,256.87,3,  KKUPFL ADP: 252.61  |  DOM RK (PUCKIN AROUND): 259
Wade Allison,257.0,2,  DOM RK (PUCKIN AROUND): 257
Logan Thompson,257.34,4,  KKUPFL ADP: 194.46  |  Elite Prospects Rank: 220.0  |  DOM RK (PUCKIN AROUND): 295
Connor Murphy,260.0,2,  DOM RK (PUCKIN AROUND): 260
Dominik Kubalik,260.06,4,  KKUPFL ADP: 250.7  |  Steve Laidlaw Rank: 227  |  DOM RK (PUCKIN AROUND): 273
Ondrej Palat,260.76,4,  Elite Prospects Rank: 223.0  |  Steve Laidlaw Rank: 233  |  DOM RK (PUCKIN AROUND): 274
Jake Mccabe,261.0,2,  DOM RK (PUCKIN AROUND): 261
Adam Fantilli,261.45,5,  KKUPFL ADP: 224.4  |  Elite Prospects Rank: 226.0  |  Steve Laidlaw Rank: 177  |  DOM RK (PUCKIN AROUND): 307
J.T. Compher,261.82,3,  KKUPFL ADP: 251.46  |  DOM RK (PUCKIN AROUND): 267
Jack Mcbain,262.0,2,  DOM RK (PUCKIN AROUND): 262
William Carrier,264.0,2,  DOM RK (PUCKIN AROUND): 264
Anton Forsberg,264.25,3,  KKUPFL ADP: 252.74  |  DOM RK (PUCKIN AROUND): 270
Conor Garland,264.35,4,  Elite Prospects Rank: 204.0  |  Steve Laidlaw Rank: 198  |  DOM RK (PUCKIN AROUND): 291
Cal Clutterbuck,265.0,2,  DOM RK (PUCKIN AROUND): 265
Noel Acciari,265.51,3,  KKUPFL ADP: 252.54  |  DOM RK (PUCKIN AROUND): 272
Marcus Pettersson,266.0,2,  DOM RK (PUCKIN AROUND): 266
Taylor Raddysh,266.55,4,  KKUPFL ADP: 249.44  |  Steve Laidlaw Rank: 251  |  DOM RK (PUCKIN AROUND): 279
Nicholas Paul,267.0,1,  Steve Laidlaw Rank: 267
Janis Moser,269.0,2,  DOM RK (PUCKIN AROUND): 269
Jesperi Kotkaniemi,273.36,4,  KKUPFL ADP: 251.76  |  Steve Laidlaw Rank: 254  |  DOM RK (PUCKIN AROUND): 289
Jordan Staal,273.52,3,  KKUPFL ADP: 252.57  |  DOM RK (PUCKIN AROUND): 284
Arvid Soderblom,276.0,2,  DOM RK (PUCKIN AROUND): 276
Bowen Byram,276.99,4,  KKUPFL ADP: 157.97  |  Steve Laidlaw Rank: 139  |  DOM RK (PUCKIN AROUND): 371
Kirby Dach,277.44,5,  KKUPFL ADP: 228.17  |  Elite Prospects Rank: 196.0  |  Steve Laidlaw Rank: 212  |  DOM RK (PUCKIN AROUND): 332
Jt Compher,278.0,1,  Steve Laidlaw Rank: 278
Freddie Gaudreau,279.0,1,  Steve Laidlaw Rank: 279
Teuvo Teravainen,279.19,5,  KKUPFL ADP: 220.21  |  Elite Prospects Rank: 240.0  |  Steve Laidlaw Rank: 192  |  DOM RK (PUCKIN AROUND): 337
John Klingberg,279.63,4,  KKUPFL ADP: 180.7  |  Steve Laidlaw Rank: 160  |  DOM RK (PUCKIN AROUND): 359
Connor Ingram,280.0,2,  DOM RK (PUCKIN AROUND): 280
Kent Johnson,280.05,5,  KKUPFL ADP: 242.7  |  Elite Prospects Rank: 208.0  |  Steve Laidlaw Rank: 243  |  DOM RK (PUCKIN AROUND): 320
Anthony Cirelli,280.14,5,  KKUPFL ADP: 252.85  |  Elite Prospects Rank: 213.0  |  Steve Laidlaw Rank: 252  |  DOM RK (PUCKIN AROUND): 312
Casey Mittelstadt,280.16,5,  KKUPFL ADP: 243.44  |  Elite Prospects Rank: 147.0  |  Steve Laidlaw Rank: 207  |  DOM RK (PUCKIN AROUND): 339
Dylan Strome,280.64,5,  KKUPFL ADP: 188.94  |  Elite Prospects Rank: 157.0  |  Steve Laidlaw Rank: 153  |  DOM RK (PUCKIN AROUND): 379
Nick Ritchie,281.0,2,  DOM RK (PUCKIN AROUND): 281
Nick Jensen,282.0,2,  DOM RK (PUCKIN AROUND): 282
Matias Maccelli,282.48,5,  KKUPFL ADP: 251.35  |  Elite Prospects Rank: 189.0  |  Steve Laidlaw Rank: 253  |  DOM RK (PUCKIN AROUND): 321
Anthony Duclair,282.96,5,  KKUPFL ADP: 235.84  |  Elite Prospects Rank: 238.0  |  Steve Laidlaw Rank: 159  |  DOM RK (PUCKIN AROUND): 345
Akira Schmid,283.13,3,  KKUPFL ADP: 241.39  |  DOM RK (PUCKIN AROUND): 304
Anton Lundell,283.18,5,  KKUPFL ADP: 244.53  |  Elite Prospects Rank: 177.0  |  Steve Laidlaw Rank: 244  |  DOM RK (PUCKIN AROUND): 330
Owen Power,283.21,5,  KKUPFL ADP: 207.97  |  Elite Prospects Rank: 224.0  |  Steve Laidlaw Rank: 214  |  DOM RK (PUCKIN AROUND): 348
Jake Allen,284.91,3,  KKUPFL ADP: 252.72  |  DOM RK (PUCKIN AROUND): 301
Wyatt Johnston,285.26,4,  KKUPFL ADP: 231.41  |  Steve Laidlaw Rank: 274  |  DOM RK (PUCKIN AROUND): 315
Michael Rasmussen,286.0,2,  DOM RK (PUCKIN AROUND): 286
Petr Mrazek,287.0,2,  DOM RK (PUCKIN AROUND): 287
Thomas Novak,289.93,3,  KKUPFL ADP: 241.8  |  DOM RK (PUCKIN AROUND): 314
Olen Zellweger,290.0,2,  DOM RK (PUCKIN AROUND): 290
Kasperi Kapanen,290.98,3,  KKUPFL ADP: 252.93  |  DOM RK (PUCKIN AROUND): 310
Adam Pelech,292.0,2,  DOM RK (PUCKIN AROUND): 292
Gabriel Vilardi,292.0,4,  KKUPFL ADP: 209.67  |  Elite Prospects Rank: 209.0  |  DOM RK (PUCKIN AROUND): 347
Matt Roy,293.0,2,  DOM RK (PUCKIN AROUND): 293
Colton Sissons,294.0,2,  DOM RK (PUCKIN AROUND): 294
Jack Campbell,295.4,3,  KKUPFL ADP: 252.19  |  DOM RK (PUCKIN AROUND): 317
Samuel Girard,296.02,4,  KKUPFL ADP: 252.41  |  Elite Prospects Rank: 193.0  |  DOM RK (PUCKIN AROUND): 335
Alec Martinez,297.0,2,  DOM RK (PUCKIN AROUND): 297
Cam Talbot,297.3,3,  KKUPFL ADP: 247.91  |  DOM RK (PUCKIN AROUND): 322
Alex Barabanov,298.0,2,  DOM RK (PUCKIN AROUND): 298
Mikey Anderson,299.0,2,  DOM RK (PUCKIN AROUND): 299
Ilya Mikheyev,300.8,3,  Steve Laidlaw Rank: 260  |  DOM RK (PUCKIN AROUND): 311
Rasmus Sandin,301.68,4,  KKUPFL ADP: 216.89  |  Steve Laidlaw Rank: 222  |  DOM RK (PUCKIN AROUND): 364
Matt Martin,302.0,2,  DOM RK (PUCKIN AROUND): 302
Kevin Korchinski,303.0,2,  DOM RK (PUCKIN AROUND): 303
Quinton Byfield,304.4,5,  KKUPFL ADP: 249.7  |  Elite Prospects Rank: 221.0  |  Steve Laidlaw Rank: 263  |  DOM RK (PUCKIN AROUND): 356
Scott Mayfield,305.0,2,  DOM RK (PUCKIN AROUND): 305
Morgan Frost,305.33,4,  KKUPFL ADP: 245.64  |  Steve Laidlaw Rank: 234  |  DOM RK (PUCKIN AROUND): 353
Noah Cates,306.0,2,  DOM RK (PUCKIN AROUND): 306
Kyle Palmieri,306.2,3,  Steve Laidlaw Rank: 215  |  DOM RK (PUCKIN AROUND): 329
Cam Atkinson,306.82,4,  KKUPFL ADP: 240.38  |  Steve Laidlaw Rank: 175  |  DOM RK (PUCKIN AROUND): 373
Nathan Bastian,308.0,2,  DOM RK (PUCKIN AROUND): 308
Evan Rodrigues,308.43,4,  KKUPFL ADP: 233.52  |  Steve Laidlaw Rank: 220  |  DOM RK (PUCKIN AROUND): 368
Matthew Knies,309.09,3,  KKUPFL ADP: 245.28  |  DOM RK (PUCKIN AROUND): 341
Tyson Barrie,309.16,4,  KKUPFL ADP: 208.06  |  Steve Laidlaw Rank: 200  |  DOM RK (PUCKIN AROUND): 387
Mason Marchment,309.37,4,  KKUPFL ADP: 252.8  |  Steve Laidlaw Rank: 240  |  DOM RK (PUCKIN AROUND): 355
Max Pacioretty,310.04,5,  KKUPFL ADP: 155.48  |  Elite Prospects Rank: 219.0  |  Steve Laidlaw Rank: 144  |  DOM RK (PUCKIN AROUND): 444
Mikael Granlund,311.0,3,  Elite Prospects Rank: 215.0  |  DOM RK (PUCKIN AROUND): 327
Brenden Dillon,313.0,2,  DOM RK (PUCKIN AROUND): 313
William Eklund,313.84,3,  KKUPFL ADP: 249.53  |  DOM RK (PUCKIN AROUND): 346
Ben Chiarot,316.0,2,  DOM RK (PUCKIN AROUND): 316
Damon Severson,317.12,3,  KKUPFL ADP: 251.37  |  DOM RK (PUCKIN AROUND): 350
Vladislav Gavrikov,318.0,2,  DOM RK (PUCKIN AROUND): 318
Kevin Hayes,318.51,5,  KKUPFL ADP: 240.11  |  Elite Prospects Rank: 217.0  |  Steve Laidlaw Rank: 165  |  DOM RK (PUCKIN AROUND): 413
Filip Chytil,318.73,5,  KKUPFL ADP: 250.47  |  Elite Prospects Rank: 163.0  |  Steve Laidlaw Rank: 266  |  DOM RK (PUCKIN AROUND): 392
Jonas Brodin,319.0,2,  DOM RK (PUCKIN AROUND): 319
Gustav Nyquist,319.41,4,  Elite Prospects Rank: 243.0  |  Steve Laidlaw Rank: 232  |  DOM RK (PUCKIN AROUND): 354
Jamie Drysdale,322.18,5,  KKUPFL ADP: 229.87  |  Elite Prospects Rank: 242.0  |  Steve Laidlaw Rank: 269  |  DOM RK (PUCKIN AROUND): 395
Carson Soucy,323.0,2,  DOM RK (PUCKIN AROUND): 323
Ryan Mcdonagh,324.0,2,  DOM RK (PUCKIN AROUND): 324
Jaden Schwartz,324.02,5,  KKUPFL ADP: 252.76  |  Elite Prospects Rank: 211.0  |  Steve Laidlaw Rank: 206  |  DOM RK (PUCKIN AROUND): 408
Tomas Tatar,324.13,3,  KKUPFL ADP: 252.38  |  DOM RK (PUCKIN AROUND): 360
Yakov Trenin,325.0,2,  DOM RK (PUCKIN AROUND): 325
Ryan Johansen,325.7,5,  KKUPFL ADP: 251.35  |  Elite Prospects Rank: 185.0  |  Steve Laidlaw Rank: 223  |  DOM RK (PUCKIN AROUND): 412
Trent Frederic,326.0,2,  DOM RK (PUCKIN AROUND): 326
Jonas Siegenthaler,326.28,3,  KKUPFL ADP: 252.83  |  DOM RK (PUCKIN AROUND): 363
Shayne Gostisbehere,326.44,4,  KKUPFL ADP: 165.05  |  Steve Laidlaw Rank: 119  |  DOM RK (PUCKIN AROUND): 459
Sam Montembeault,327.14,3,  KKUPFL ADP: 251.41  |  DOM RK (PUCKIN AROUND): 365
Cole Perfetti,327.48,5,  KKUPFL ADP: 244.84  |  Elite Prospects Rank: 195.0  |  Steve Laidlaw Rank: 155  |  DOM RK (PUCKIN AROUND): 434
Luke Kunin,328.0,2,  DOM RK (PUCKIN AROUND): 328
Cam York,330.4,4,  KKUPFL ADP: 231.89  |  Steve Laidlaw Rank: 229  |  DOM RK (PUCKIN AROUND): 405
David Savard,331.0,2,  DOM RK (PUCKIN AROUND): 331
Andrew Copp,331.72,5,  KKUPFL ADP: 252.93  |  Elite Prospects Rank: 227.0  |  Steve Laidlaw Rank: 270  |  DOM RK (PUCKIN AROUND): 404
Conor Sheary,333.0,2,  DOM RK (PUCKIN AROUND): 333
Brandon Saad,334.0,3,  Elite Prospects Rank: 244.0  |  DOM RK (PUCKIN AROUND): 349
Cody Glass,334.0,3,  Steve Laidlaw Rank: 262  |  DOM RK (PUCKIN AROUND): 352
Travis Sanheim,334.0,2,  DOM RK (PUCKIN AROUND): 334
Daniel Sprong,336.0,2,  DOM RK (PUCKIN AROUND): 336
Nicolas Roy,338.0,2,  DOM RK (PUCKIN AROUND): 338
Connor Brown,339.63,5,  KKUPFL ADP: 198.43  |  Elite Prospects Rank: 201.0  |  Steve Laidlaw Rank: 245  |  DOM RK (PUCKIN AROUND): 457
Jamie Oleksiak,340.0,2,  DOM RK (PUCKIN AROUND): 340
Timothy Liljegren,342.0,2,  DOM RK (PUCKIN AROUND): 342
Kaapo Kakko,342.79,5,  KKUPFL ADP: 251.36  |  Elite Prospects Rank: 245.0  |  Steve Laidlaw Rank: 282  |  DOM RK (PUCKIN AROUND): 420
Nicolas Deslauriers,343.0,2,  DOM RK (PUCKIN AROUND): 343
Nic Dowd,344.0,2,  DOM RK (PUCKIN AROUND): 344
Jake Walman,346.24,3,  KKUPFL ADP: 250.71  |  DOM RK (PUCKIN AROUND): 394
Marc-Andre Fleury,348.63,3,  KKUPFL ADP: 245.88  |  DOM RK (PUCKIN AROUND): 400
Cody Ceci,351.0,2,  DOM RK (PUCKIN AROUND): 351
Yegor Sharangovich,351.06,5,  KKUPFL ADP: 237.25  |  Elite Prospects Rank: 198.0  |  Steve Laidlaw Rank: 277  |  DOM RK (PUCKIN AROUND): 452
Andreas Athanasiou,351.19,4,  KKUPFL ADP: 247.18  |  Steve Laidlaw Rank: 268  |  DOM RK (PUCKIN AROUND): 424
Mackenzie Blackwood,352.97,3,  KKUPFL ADP: 252.91  |  DOM RK (PUCKIN AROUND): 403
Max Domi,353.26,4,  KKUPFL ADP: 225.91  |  Steve Laidlaw Rank: 273  |  DOM RK (PUCKIN AROUND): 437
Nick Seeler,357.0,2,  DOM RK (PUCKIN AROUND): 357
Alex Iafallo,358.0,2,  DOM RK (PUCKIN AROUND): 358
Nikita Zadorov,361.0,2,  DOM RK (PUCKIN AROUND): 361
Eetu Luostarinen,362.0,2,  DOM RK (PUCKIN AROUND): 362
Victor Olofsson,363.76,4,  Elite Prospects Rank: 239.0  |  Steve Laidlaw Rank: 210  |  DOM RK (PUCKIN AROUND): 423
Sean Kuraly,367.0,2,  DOM RK (PUCKIN AROUND): 367
Thomas Harley,367.4,3,  Steve Laidlaw Rank: 265  |  DOM RK (PUCKIN AROUND): 393
Jaccob Slavin,369.0,2,  DOM RK (PUCKIN AROUND): 369
Jason Dickinson,370.0,2,  DOM RK (PUCKIN AROUND): 370
Brady Skjei,370.08,3,  KKUPFL ADP: 238.25  |  DOM RK (PUCKIN AROUND): 436
Juuso Valimaki,370.7,4,  KKUPFL ADP: 241.46  |  Steve Laidlaw Rank: 280  |  DOM RK (PUCKIN AROUND): 458
Kevin Shattenkirk,371.4,3,  Steve Laidlaw Rank: 221  |  DOM RK (PUCKIN AROUND): 409
Carl Grundstrom,372.0,2,  DOM RK (PUCKIN AROUND): 372
Oliver Wahlstrom,373.4,3,  Steve Laidlaw Rank: 191  |  DOM RK (PUCKIN AROUND): 419
Zach Parise,374.0,2,  DOM RK (PUCKIN AROUND): 374
Matt Dumba,375.0,2,  DOM RK (PUCKIN AROUND): 375
Nick Foligno,376.0,2,  DOM RK (PUCKIN AROUND): 376
Matt Benning,377.0,2,  DOM RK (PUCKIN AROUND): 377
Dylan Demelo,378.0,2,  DOM RK (PUCKIN AROUND): 378
Eric Robinson,380.0,2,  DOM RK (PUCKIN AROUND): 380
Justin Holl,381.0,2,  DOM RK (PUCKIN AROUND): 381
Logan O'Connor,382.0,2,  DOM RK (PUCKIN AROUND): 382
Jeremy Lauzon,383.0,2,  DOM RK (PUCKIN AROUND): 383
Brock Faber,384.0,2,  DOM RK (PUCKIN AROUND): 384
Juuso Parssinen,385.0,2,  DOM RK (PUCKIN AROUND): 385
Nick Bjugstad,386.0,2,  DOM RK (PUCKIN AROUND): 386
Marcus Johansson,387.04,4,  KKUPFL ADP: 252.65  |  Steve Laidlaw Rank: 236  |  DOM RK (PUCKIN AROUND): 492
Sean Monahan,387.64,4,  KKUPFL ADP: 252.74  |  Steve Laidlaw Rank: 216  |  DOM RK (PUCKIN AROUND): 498
Mattias Samuelsson,388.0,2,  DOM RK (PUCKIN AROUND): 388
Mathieu Joseph,389.0,2,  DOM RK (PUCKIN AROUND): 389
Warren Foegele,390.0,2,  DOM RK (PUCKIN AROUND): 390
Jacob Middleton,391.0,2,  DOM RK (PUCKIN AROUND): 391
Calle Jarnkrok,392.25,3,  KKUPFL ADP: 252.74  |  DOM RK (PUCKIN AROUND): 462
Tyler Motte,396.0,2,  DOM RK (PUCKIN AROUND): 396
Casey Cizikas,397.0,2,  DOM RK (PUCKIN AROUND): 397
Brett Pesce,398.0,2,  DOM RK (PUCKIN AROUND): 398
Kyle Burroughs,399.0,2,  DOM RK (PUCKIN AROUND): 399
James Van Riemsdyk,400.8,3,  Steve Laidlaw Rank: 184  |  DOM RK (PUCKIN AROUND): 455
Jesper Fast,401.0,2,  DOM RK (PUCKIN AROUND): 401
Morgan Geekie,402.0,2,  DOM RK (PUCKIN AROUND): 402
Ryan Strome,405.47,4,  Elite Prospects Rank: 205.0  |  Steve Laidlaw Rank: 281  |  DOM RK (PUCKIN AROUND): 470
Artem Zub,406.0,2,  DOM RK (PUCKIN AROUND): 406
Zach Whitecloud,407.0,2,  DOM RK (PUCKIN AROUND): 407
Joseph Woll,408.71,3,  KKUPFL ADP: 250.13  |  DOM RK (PUCKIN AROUND): 488
Travis Hamonic,410.0,2,  DOM RK (PUCKIN AROUND): 410
Erik Johnson,411.0,2,  DOM RK (PUCKIN AROUND): 411
Nicklas Backstrom,413.65,3,  KKUPFL ADP: 250.96  |  DOM RK (PUCKIN AROUND): 495
Tony Deangelo,413.77,4,  KKUPFL ADP: 177.19  |  Steve Laidlaw Rank: 98  |  DOM RK (PUCKIN AROUND): 611
Ian Cole,414.0,2,  DOM RK (PUCKIN AROUND): 414
Juraj Slafkovsky,414.88,3,  KKUPFL ADP: 252.65  |  DOM RK (PUCKIN AROUND): 496
Kiefer Sherwood,415.0,2,  DOM RK (PUCKIN AROUND): 415
Nick Perbix,416.0,2,  DOM RK (PUCKIN AROUND): 416
Barclay Goodrow,417.0,2,  DOM RK (PUCKIN AROUND): 417
Stefan Noesen,418.0,2,  DOM RK (PUCKIN AROUND): 418
Jakob Pelletier,420.86,3,  KKUPFL ADP: 250.57  |  DOM RK (PUCKIN AROUND): 506
Nico Sturm,421.0,2,  DOM RK (PUCKIN AROUND): 421
Sam Lafferty,422.0,2,  DOM RK (PUCKIN AROUND): 422
Alex Newhook,423.0,3,  Steve Laidlaw Rank: 255  |  DOM RK (PUCKIN AROUND): 465
Frederick Gaudreau,425.0,2,  DOM RK (PUCKIN AROUND): 425
Cole Sillinger,426.0,2,  DOM RK (PUCKIN AROUND): 426
Pierre Engvall,427.0,2,  DOM RK (PUCKIN AROUND): 427
Brandon Carlo,428.0,2,  DOM RK (PUCKIN AROUND): 428
Paul Cotter,429.0,2,  DOM RK (PUCKIN AROUND): 429
Shane Pinto,429.61,3,  KKUPFL ADP: 252.82  |  DOM RK (PUCKIN AROUND): 518
Jeff Carter,430.0,2,  DOM RK (PUCKIN AROUND): 430
Nicolas Hague,431.0,2,  DOM RK (PUCKIN AROUND): 431
Anthony Mantha,432.0,2,  DOM RK (PUCKIN AROUND): 432
Nicolas Aube-Kubel,433.0,2,  DOM RK (PUCKIN AROUND): 433
Arthur Kaliyev,433.47,4,  KKUPFL ADP: 251.65  |  Steve Laidlaw Rank: 211  |  DOM RK (PUCKIN AROUND): 580
Alex Kerfoot,435.0,2,  DOM RK (PUCKIN AROUND): 435
Jonathan Drouin,435.77,4,  KKUPFL ADP: 248.21  |  Steve Laidlaw Rank: 250  |  DOM RK (PUCKIN AROUND): 576
Philipp Kurashev,437.53,3,  KKUPFL ADP: 252.59  |  DOM RK (PUCKIN AROUND): 530
Philip Tomasino,438.0,2,  DOM RK (PUCKIN AROUND): 438
Derek Forbort,439.0,2,  DOM RK (PUCKIN AROUND): 439
Patrick Brown,440.0,2,  DOM RK (PUCKIN AROUND): 440
David Jiricek,440.94,3,  KKUPFL ADP: 252.83  |  DOM RK (PUCKIN AROUND): 535
Cole Smith,441.0,2,  DOM RK (PUCKIN AROUND): 441
Mike Hoffman,441.2,3,  Steve Laidlaw Rank: 202  |  DOM RK (PUCKIN AROUND): 501
Brandon Duhaime,442.0,2,  DOM RK (PUCKIN AROUND): 442
Tj Brodie,443.0,2,  DOM RK (PUCKIN AROUND): 443
Christian Dvorak,445.0,3,  Elite Prospects Rank: 235.0  |  DOM RK (PUCKIN AROUND): 480
Robert Hagg,445.0,2,  DOM RK (PUCKIN AROUND): 445
Alexei Toropchenko,446.0,2,  DOM RK (PUCKIN AROUND): 446
Pavel Mintyukov,447.0,2,  DOM RK (PUCKIN AROUND): 447
Kevin Labanc,448.0,2,  DOM RK (PUCKIN AROUND): 448
Lars Eller,448.25,3,  KKUPFL ADP: 252.74  |  DOM RK (PUCKIN AROUND): 546
Kailer Yamamoto,449.0,2,  DOM RK (PUCKIN AROUND): 449
Ryan Reaves,450.0,2,  DOM RK (PUCKIN AROUND): 450
Jordan Greenway,451.0,2,  DOM RK (PUCKIN AROUND): 451
Phil Kessel,452.88,3,  KKUPFL ADP: 252.65  |  DOM RK (PUCKIN AROUND): 553
Dante Fabbro,453.0,2,  DOM RK (PUCKIN AROUND): 453
Calen Addison,453.26,4,  KKUPFL ADP: 238.39  |  Steve Laidlaw Rank: 156  |  DOM RK (PUCKIN AROUND): 635
Miles Wood,454.0,2,  DOM RK (PUCKIN AROUND): 454
Jordan Martinook,456.0,2,  DOM RK (PUCKIN AROUND): 456
Michael Mcleod,460.0,2,  DOM RK (PUCKIN AROUND): 460
Parker Kelly,461.0,2,  DOM RK (PUCKIN AROUND): 461
Justin Schultz,462.6,3,  Steve Laidlaw Rank: 249  |  DOM RK (PUCKIN AROUND): 516
Chris Tanev,463.0,2,  DOM RK (PUCKIN AROUND): 463
Ryan Lindgren,464.0,2,  DOM RK (PUCKIN AROUND): 464
Eric Comrie,464.85,3,  KKUPFL ADP: 252.56  |  DOM RK (PUCKIN AROUND): 571
Evgeny Dadonov,466.0,2,  DOM RK (PUCKIN AROUND): 466
Joel Edmundson,467.0,2,  DOM RK (PUCKIN AROUND): 467
Antti Raanta,467.33,3,  KKUPFL ADP: 251.98  |  DOM RK (PUCKIN AROUND): 575
Alex Wennberg,468.0,2,  DOM RK (PUCKIN AROUND): 468
Michael Eyssimont,469.0,2,  DOM RK (PUCKIN AROUND): 469
Milan Lucic,471.0,2,  DOM RK (PUCKIN AROUND): 471
Klim Kostin,472.0,2,  DOM RK (PUCKIN AROUND): 472
Blake Lizotte,473.0,2,  DOM RK (PUCKIN AROUND): 473
Brian Dumoulin,474.0,2,  DOM RK (PUCKIN AROUND): 474
Braden Schneider,475.0,2,  DOM RK (PUCKIN AROUND): 475
Josh Archibald,476.0,2,  DOM RK (PUCKIN AROUND): 476
Brett Howden,477.0,2,  DOM RK (PUCKIN AROUND): 477
Ryan Donato,478.0,2,  DOM RK (PUCKIN AROUND): 478
Dakota Joshua,479.0,2,  DOM RK (PUCKIN AROUND): 479
Cole Guttman,481.0,2,  DOM RK (PUCKIN AROUND): 481
Dmitry Kulikov,482.0,2,  DOM RK (PUCKIN AROUND): 482
Noah Gregor,483.0,2,  DOM RK (PUCKIN AROUND): 483
Tyler Johnson,484.0,2,  DOM RK (PUCKIN AROUND): 484
John Marino,485.0,2,  DOM RK (PUCKIN AROUND): 485
Mark Giordano,486.0,2,  DOM RK (PUCKIN AROUND): 486
Zach Aston-Reese,487.0,2,  DOM RK (PUCKIN AROUND): 487
Joel Hofer,487.59,3,  KKUPFL ADP: 252.76  |  DOM RK (PUCKIN AROUND): 605
Oliver Ekman-Larsson,488.52,3,  KKUPFL ADP: 251.57  |  DOM RK (PUCKIN AROUND): 607
Josh Manson,489.0,2,  DOM RK (PUCKIN AROUND): 489
Dylan Samberg,490.0,2,  DOM RK (PUCKIN AROUND): 490
Brock Mcginn,491.0,2,  DOM RK (PUCKIN AROUND): 491
Joey Daccord,492.95,3,  KKUPFL ADP: 252.85  |  DOM RK (PUCKIN AROUND): 613
Ryan Lomberg,493.0,2,  DOM RK (PUCKIN AROUND): 493
Jack Quinn,496.25,3,  KKUPFL ADP: 252.76  |  DOM RK (PUCKIN AROUND): 618
Tyler Myers,497.0,2,  DOM RK (PUCKIN AROUND): 497
Phillip Di Giuseppe,499.0,2,  DOM RK (PUCKIN AROUND): 499
Walker Duehr,500.0,2,  DOM RK (PUCKIN AROUND): 500
Ryan Mcleod,501.6,3,  Steve Laidlaw Rank: 276  |  DOM RK (PUCKIN AROUND): 558
Brett Kulak,502.0,2,  DOM RK (PUCKIN AROUND): 502
Pavel Francouz,503.0,2,  DOM RK (PUCKIN AROUND): 503
William Borgen,504.0,2,  DOM RK (PUCKIN AROUND): 504
Lukas Dostal,504.21,3,  KKUPFL ADP: 252.63  |  DOM RK (PUCKIN AROUND): 630
Zach Sanford,505.0,2,  DOM RK (PUCKIN AROUND): 505
Alex Nedeljkovic,507.0,2,  DOM RK (PUCKIN AROUND): 507
Pavel Dorofeyev,508.0,2,  DOM RK (PUCKIN AROUND): 508
Alex Vlasic,509.0,2,  DOM RK (PUCKIN AROUND): 509
Erik Gudbranson,510.0,2,  DOM RK (PUCKIN AROUND): 510
Boris Katchouk,511.0,2,  DOM RK (PUCKIN AROUND): 511
Laurent Brossoit,511.64,3,  KKUPFL ADP: 252.91  |  DOM RK (PUCKIN AROUND): 641
Nikita Zaitsev,512.0,2,  DOM RK (PUCKIN AROUND): 512
Ty Dellandrea,513.0,2,  DOM RK (PUCKIN AROUND): 513
Yegor Chinakhov,514.0,2,  DOM RK (PUCKIN AROUND): 514
Radek Faksa,515.0,2,  DOM RK (PUCKIN AROUND): 515
Teddy Blueger,517.0,2,  DOM RK (PUCKIN AROUND): 517
Adam Boqvist,517.4,3,  Steve Laidlaw Rank: 259  |  DOM RK (PUCKIN AROUND): 582
Christian Fischer,519.0,2,  DOM RK (PUCKIN AROUND): 519
Radim Simek,520.0,2,  DOM RK (PUCKIN AROUND): 520
Charlie Lindgren,521.0,2,  DOM RK (PUCKIN AROUND): 521
Jake Neighbours,522.0,2,  DOM RK (PUCKIN AROUND): 522
Brendan Gallagher,523.0,2,  DOM RK (PUCKIN AROUND): 523
Trevor Van Riemsdyk,524.0,2,  DOM RK (PUCKIN AROUND): 524
Alex Carrier,525.0,2,  DOM RK (PUCKIN AROUND): 525
Josh Brown,526.0,2,  DOM RK (PUCKIN AROUND): 526
Arber Xhekaj,527.0,2,  DOM RK (PUCKIN AROUND): 527
Jimmy Vesey,528.0,2,  DOM RK (PUCKIN AROUND): 528
Jonathan Quick,529.0,2,  DOM RK (PUCKIN AROUND): 529
Danton Heinen,531.0,2,  DOM RK (PUCKIN AROUND): 531
Morgan Barron,532.0,2,  DOM RK (PUCKIN AROUND): 532
Zemgus Girgensons,533.0,2,  DOM RK (PUCKIN AROUND): 533
Kyle Okposo,534.0,2,  DOM RK (PUCKIN AROUND): 534
Nate Schmidt,536.0,2,  DOM RK (PUCKIN AROUND): 536
Dylan Guenther,537.0,2,  DOM RK (PUCKIN AROUND): 537
Jacob Peterson,538.0,2,  DOM RK (PUCKIN AROUND): 538
Marc Staal,539.0,2,  DOM RK (PUCKIN AROUND): 539
Vladislav Namestnikov,540.0,2,  DOM RK (PUCKIN AROUND): 540
A.J. Greer,541.0,2,  DOM RK (PUCKIN AROUND): 541
Colin Miller,542.0,2,  DOM RK (PUCKIN AROUND): 542
Robby Fabbri,543.0,2,  DOM RK (PUCKIN AROUND): 543
Jj Peterka,544.0,2,  DOM RK (PUCKIN AROUND): 544
Joel Armia,545.0,2,  DOM RK (PUCKIN AROUND): 545
Calvin Petersen,547.0,2,  DOM RK (PUCKIN AROUND): 547
Ukko-Pekka Luukkonen,547.64,3,  KKUPFL ADP: 250.91  |  DOM RK (PUCKIN AROUND): 696
Filip Zadina,548.0,2,  DOM RK (PUCKIN AROUND): 548
David Kampf,549.0,2,  DOM RK (PUCKIN AROUND): 549
Jan Rutta,550.0,2,  DOM RK (PUCKIN AROUND): 550
Hudson Fasching,551.0,2,  DOM RK (PUCKIN AROUND): 551
Mason Appleton,552.0,2,  DOM RK (PUCKIN AROUND): 552
Pius Suter,554.0,2,  DOM RK (PUCKIN AROUND): 554
Matt Grzelcyk,555.0,2,  DOM RK (PUCKIN AROUND): 555
Jordan Harris,556.0,2,  DOM RK (PUCKIN AROUND): 556
Zack Macewen,557.0,2,  DOM RK (PUCKIN AROUND): 557
Jake Bean,559.0,2,  DOM RK (PUCKIN AROUND): 559
Michael Mccarron,560.0,2,  DOM RK (PUCKIN AROUND): 560
Alex Texier,561.0,2,  DOM RK (PUCKIN AROUND): 561
Sean Walker,562.0,2,  DOM RK (PUCKIN AROUND): 562
Corey Perry,563.0,2,  DOM RK (PUCKIN AROUND): 563
Ryan Suter,564.0,2,  DOM RK (PUCKIN AROUND): 564
Vasily Podkolzin,565.0,2,  DOM RK (PUCKIN AROUND): 565
Dustin Wolf,565.34,3,  KKUPFL ADP: 252.02  |  DOM RK (PUCKIN AROUND): 722
Nick Cousins,566.0,2,  DOM RK (PUCKIN AROUND): 566
Patrick Maroon,567.0,2,  DOM RK (PUCKIN AROUND): 567
Jonatan Berggren,568.0,2,  DOM RK (PUCKIN AROUND): 568
Marc-Edouard Vlasic,569.0,2,  DOM RK (PUCKIN AROUND): 569
Jarred Tinordi,570.0,2,  DOM RK (PUCKIN AROUND): 570
Oskar Lindblom,572.0,2,  DOM RK (PUCKIN AROUND): 572
Leo Carlsson,573.0,2,  DOM RK (PUCKIN AROUND): 573
Steven Lorentz,574.0,2,  DOM RK (PUCKIN AROUND): 574
Ilya Lyubushkin,577.0,2,  DOM RK (PUCKIN AROUND): 577
Pyotr Kochetkov,578.0,2,  DOM RK (PUCKIN AROUND): 578
Fabian Zetterlund,579.0,2,  DOM RK (PUCKIN AROUND): 579
Erik Brannstrom,581.0,2,  DOM RK (PUCKIN AROUND): 581
Sonny Milano,583.0,2,  DOM RK (PUCKIN AROUND): 583
Jake Evans,584.0,2,  DOM RK (PUCKIN AROUND): 584
Jakob Silfverberg,585.0,2,  DOM RK (PUCKIN AROUND): 585
Niko Mikkola,586.0,2,  DOM RK (PUCKIN AROUND): 586
Troy Stecher,587.0,2,  DOM RK (PUCKIN AROUND): 587
Peyton Krebs,588.0,3,  Elite Prospects Rank: 246.0  |  DOM RK (PUCKIN AROUND): 645
Michael Carcone,588.0,2,  DOM RK (PUCKIN AROUND): 588
Luke Glendening,589.0,2,  DOM RK (PUCKIN AROUND): 589
Tomas Nosek,590.0,2,  DOM RK (PUCKIN AROUND): 590
Mathieu Olivier,591.0,2,  DOM RK (PUCKIN AROUND): 591
Josh Mahura,592.0,2,  DOM RK (PUCKIN AROUND): 592
Matt Nieto,593.0,2,  DOM RK (PUCKIN AROUND): 593
Josh Bailey,594.0,2,  DOM RK (PUCKIN AROUND): 594
Connor Dewar,595.0,2,  DOM RK (PUCKIN AROUND): 595
Alex Holtz,596.0,2,  DOM RK (PUCKIN AROUND): 596
Oliver Kylington,596.4,3,  Steve Laidlaw Rank: 238  |  DOM RK (PUCKIN AROUND): 686
Joe Veleno,597.0,2,  DOM RK (PUCKIN AROUND): 597
Jakub Lauko,598.0,2,  DOM RK (PUCKIN AROUND): 598
Ryan Poehling,599.0,2,  DOM RK (PUCKIN AROUND): 599
Semyon Varlamov,600.0,2,  DOM RK (PUCKIN AROUND): 600
Mark Kastelic,601.0,2,  DOM RK (PUCKIN AROUND): 601
Michael Amadio,602.0,2,  DOM RK (PUCKIN AROUND): 602
Craig Smith,603.0,2,  DOM RK (PUCKIN AROUND): 603
Zach Bogosian,604.0,2,  DOM RK (PUCKIN AROUND): 604
Johnathan Kovacevic,606.0,2,  DOM RK (PUCKIN AROUND): 606
Andrew Cogliano,608.0,2,  DOM RK (PUCKIN AROUND): 608
Alex Goligoski,609.0,2,  DOM RK (PUCKIN AROUND): 609
Max Jones,610.0,2,  DOM RK (PUCKIN AROUND): 610
James Reimer,612.0,2,  DOM RK (PUCKIN AROUND): 612
Dylan Holloway,614.0,2,  DOM RK (PUCKIN AROUND): 614
Chad Ruhwedel,615.0,2,  DOM RK (PUCKIN AROUND): 615
Shane Wright,616.0,2,  DOM RK (PUCKIN AROUND): 616
Marco Scandella,617.0,2,  DOM RK (PUCKIN AROUND): 617
Pierre-Olivier Joseph,619.0,2,  DOM RK (PUCKIN AROUND): 619
Emil Bemstrom,620.0,2,  DOM RK (PUCKIN AROUND): 620
Curtis Lazar,621.0,2,  DOM RK (PUCKIN AROUND): 621
Kevin Bahl,622.0,2,  DOM RK (PUCKIN AROUND): 622
Nathan Walker,623.0,2,  DOM RK (PUCKIN AROUND): 623
Nicholas Robertson,624.0,2,  DOM RK (PUCKIN AROUND): 624
Scott Wedgewood,625.0,2,  DOM RK (PUCKIN AROUND): 625
Olli Maatta,626.0,2,  DOM RK (PUCKIN AROUND): 626
Ridly Greig,627.0,2,  DOM RK (PUCKIN AROUND): 627
Mattias Janmark,628.0,2,  DOM RK (PUCKIN AROUND): 628
Tyson Jost,629.0,2,  DOM RK (PUCKIN AROUND): 629
Mike Reilly,632.0,2,  DOM RK (PUCKIN AROUND): 632
Jonathan Toews,633.0,2,  DOM RK (PUCKIN AROUND): 633
Alex Belzile,634.0,2,  DOM RK (PUCKIN AROUND): 634
Isac Lundestrom,636.0,2,  DOM RK (PUCKIN AROUND): 636
Logan Stanley,637.0,2,  DOM RK (PUCKIN AROUND): 637
Nick Bonino,638.0,2,  DOM RK (PUCKIN AROUND): 638
Dan Vladar,639.0,2,  DOM RK (PUCKIN AROUND): 639
Jonas Johansson,640.0,2,  DOM RK (PUCKIN AROUND): 640
Alex Lyon,642.0,2,  DOM RK (PUCKIN AROUND): 642
Jon Merrill,643.0,2,  DOM RK (PUCKIN AROUND): 643
Nick Leddy,644.0,2,  DOM RK (PUCKIN AROUND): 644
Derek Ryan,646.0,2,  DOM RK (PUCKIN AROUND): 646
Jaret Anderson-Dolan,647.0,2,  DOM RK (PUCKIN AROUND): 647
Marco Rossi,648.14,3,  Elite Prospects Rank: 241.0  |  DOM RK (PUCKIN AROUND): 716
Trevor Lewis,649.0,2,  DOM RK (PUCKIN AROUND): 649
Adam Ruzicka,650.0,2,  DOM RK (PUCKIN AROUND): 650
Nils Lundkvist,651.0,2,  DOM RK (PUCKIN AROUND): 651
Jaycob Megna,652.0,2,  DOM RK (PUCKIN AROUND): 652
Jack Johnson,653.0,2,  DOM RK (PUCKIN AROUND): 653
Pierre-Edouard Bellemare,654.0,2,  DOM RK (PUCKIN AROUND): 654
Sheldon Dries,655.0,2,  DOM RK (PUCKIN AROUND): 655
Anthony Stolarz,656.0,2,  DOM RK (PUCKIN AROUND): 656
Kevin Lankinen,657.0,2,  DOM RK (PUCKIN AROUND): 657
Tyler Pitlick,658.0,2,  DOM RK (PUCKIN AROUND): 658
Travis Boyd,659.0,2,  DOM RK (PUCKIN AROUND): 659
Sam Steel,660.0,2,  DOM RK (PUCKIN AROUND): 660
Spencer Knight,661.0,2,  DOM RK (PUCKIN AROUND): 661
Nils Hoglander,662.0,2,  DOM RK (PUCKIN AROUND): 662
Sam Carrick,663.0,2,  DOM RK (PUCKIN AROUND): 663
Rasmus Kupari,664.0,2,  DOM RK (PUCKIN AROUND): 664
Calle Rosen,665.0,2,  DOM RK (PUCKIN AROUND): 665
Robert Bortuzzo,666.0,2,  DOM RK (PUCKIN AROUND): 666
Matt Irwin,667.0,2,  DOM RK (PUCKIN AROUND): 667
Haydn Fleury,668.0,2,  DOM RK (PUCKIN AROUND): 668
Brendan Smith,669.0,2,  DOM RK (PUCKIN AROUND): 669
Henri Jokiharju,670.0,2,  DOM RK (PUCKIN AROUND): 670
Aliaksei Protas,671.0,2,  DOM RK (PUCKIN AROUND): 671
Kevin Rooney,672.0,2,  DOM RK (PUCKIN AROUND): 672
Joe Snively,673.0,2,  DOM RK (PUCKIN AROUND): 673
Chris Driedger,674.0,2,  DOM RK (PUCKIN AROUND): 674
Jordan Oesterle,675.0,2,  DOM RK (PUCKIN AROUND): 675
Matthew Highmore,676.0,2,  DOM RK (PUCKIN AROUND): 676
Pontus Holmberg,677.0,2,  DOM RK (PUCKIN AROUND): 677
Lane Pederson,678.0,2,  DOM RK (PUCKIN AROUND): 678
Brett Leason,679.0,2,  DOM RK (PUCKIN AROUND): 679
Givani Smith,680.0,2,  DOM RK (PUCKIN AROUND): 680
Vincent Desharnais,681.0,2,  DOM RK (PUCKIN AROUND): 681
Casey Desmith,682.0,2,  DOM RK (PUCKIN AROUND): 682
Ryan Carpenter,683.0,2,  DOM RK (PUCKIN AROUND): 683
Samuel Bolduc,684.0,2,  DOM RK (PUCKIN AROUND): 684
Jalen Chatfield,685.0,2,  DOM RK (PUCKIN AROUND): 685
Alex Alexeyev,687.0,2,  DOM RK (PUCKIN AROUND): 687
Grigori Denisenko,688.0,2,  DOM RK (PUCKIN AROUND): 688
Dylan Coghlan,689.0,2,  DOM RK (PUCKIN AROUND): 689
Victor Soderstrom,690.0,2,  DOM RK (PUCKIN AROUND): 690
Fredrik Olofsson,691.0,2,  DOM RK (PUCKIN AROUND): 691
Ross Johnston,692.0,2,  DOM RK (PUCKIN AROUND): 692
Andreas Johnsson,693.0,2,  DOM RK (PUCKIN AROUND): 693
Nikita Alexandrov,694.0,2,  DOM RK (PUCKIN AROUND): 694
Ethan Bear,695.0,2,  DOM RK (PUCKIN AROUND): 695
Nils Aman,697.0,2,  DOM RK (PUCKIN AROUND): 697
Nolan Foote,698.0,2,  DOM RK (PUCKIN AROUND): 698
Jacob Macdonald,699.0,2,  DOM RK (PUCKIN AROUND): 699
Conor Timmins,700.0,2,  DOM RK (PUCKIN AROUND): 700
Andreas Englund,701.0,2,  DOM RK (PUCKIN AROUND): 701
Filip Roos,702.0,2,  DOM RK (PUCKIN AROUND): 702
Urho Vaakanainen,703.0,2,  DOM RK (PUCKIN AROUND): 703
Ben Hutton,704.0,2,  DOM RK (PUCKIN AROUND): 704
Colton White,705.0,2,  DOM RK (PUCKIN AROUND): 705
Jack Drury,706.0,2,  DOM RK (PUCKIN AROUND): 706
Jacob Bernard-Docker,707.0,2,  DOM RK (PUCKIN AROUND): 707
Christian Wolanin,708.0,2,  DOM RK (PUCKIN AROUND): 708
Tobias Bjornfot,709.0,2,  DOM RK (PUCKIN AROUND): 709
Joel Hanley,710.0,2,  DOM RK (PUCKIN AROUND): 710
Jayson Megna,711.0,2,  DOM RK (PUCKIN AROUND): 711
Felix Sandstrom,712.0,2,  DOM RK (PUCKIN AROUND): 712
Chris Wideman,713.0,2,  DOM RK (PUCKIN AROUND): 713
Nic Petan,714.0,2,  DOM RK (PUCKIN AROUND): 714
Vinnie Hinostroza,715.0,2,  DOM RK (PUCKIN AROUND): 715
Rasmus Asplund,717.0,2,  DOM RK (PUCKIN AROUND): 717
Egor Zamula,718.0,2,  DOM RK (PUCKIN AROUND): 718
Zac Jones,719.0,2,  DOM RK (PUCKIN AROUND): 719
Martin Jones,720.0,2,  DOM RK (PUCKIN AROUND): 720
Logan Brown,721.0,2,  DOM RK (PUCKIN AROUND): 721
Philip Broberg,723.0,2,  DOM RK (PUCKIN AROUND): 723
Tanner Laczynski,724.0,2,  DOM RK (PUCKIN AROUND): 724
Spencer Martin,725.0,2,  DOM RK (PUCKIN AROUND): 725
Jakub Zboril,726.0,2,  DOM RK (PUCKIN AROUND): 726
Ben Meyers,727.0,2,  DOM RK (PUCKIN AROUND): 727
David Gustafsson,728.0,2,  DOM RK (PUCKIN AROUND): 728
Brad Hunt,729.0,2,  DOM RK (PUCKIN AROUND): 729
