Connor Mcdavid,1.08,8,  KKUPFL ADP: 1.12  |  Elite Prospects Rank: 1  |  Steve Laidlaw: 1  |  Blake: 2  |  DOM (RK): 1
Nathan Mackinnon,1.92,8,  KKUPFL ADP: 1.91  |  Elite Prospects Rank: 2  |  Steve Laidlaw: 2  |  Blake: 1  |  DOM (RK): 2
Auston Matthews,3.32,8,  KKUPFL ADP: 3.23  |  Elite Prospects Rank: 5  |  Steve Laidlaw: 5  |  Blake: 3  |  DOM (RK): 3
David Pastrnak,4.73,8,  KKUPFL ADP: 4.79  |  Elite Prospects Rank: 7  |  Steve Laidlaw: 9  |  Blake: 5  |  DOM (RK): 4
Nikita Kucherov,4.74,8,  KKUPFL ADP: 4.52  |  Elite Prospects Rank: 4  |  Steve Laidlaw: 4  |  Blake: 4  |  DOM (RK): 5
Mikko Rantanen,7.41,8,  KKUPFL ADP: 7.52  |  Elite Prospects Rank: 8  |  Steve Laidlaw: 10  |  Blake: 8  |  DOM (RK): 7
Cale Makar,7.54,8,  KKUPFL ADP: 10.57  |  Elite Prospects Rank: 15  |  Steve Laidlaw: 3  |  Blake: 16  |  DOM (RK): 6
Leon Draisaitl,8.25,8,  KKUPFL ADP: 6.04  |  Elite Prospects Rank: 3  |  Steve Laidlaw: 8  |  Blake: 9  |  DOM (RK): 9
Matthew Tkachuk,9.68,8,  KKUPFL ADP: 12.36  |  Elite Prospects Rank: 18  |  Steve Laidlaw: 12  |  Blake: 12  |  DOM (RK): 8
Jack Hughes,10.96,8,  KKUPFL ADP: 9.14  |  Elite Prospects Rank: 6  |  Steve Laidlaw: 13  |  Blake: 6  |  DOM (RK): 12
Roman Josi,12.33,8,  KKUPFL ADP: 16.07  |  Elite Prospects Rank: 31  |  Steve Laidlaw: 6  |  Blake: 18  |  DOM (RK): 10
William Nylander,13.7,8,  KKUPFL ADP: 16.05  |  Elite Prospects Rank: 14  |  Steve Laidlaw: 36  |  Blake: 14  |  DOM (RK): 11
Kirill Kaprizov,16.04,8,  KKUPFL ADP: 8.55  |  Elite Prospects Rank: 10  |  Steve Laidlaw: 11  |  Blake: 7  |  DOM (RK): 19
Mitch Marner,17.17,8,  KKUPFL ADP: 20.66  |  Elite Prospects Rank: 13  |  Steve Laidlaw: 22  |  Blake: 24  |  DOM (RK): 16
Artemi Panarin,18.83,8,  KKUPFL ADP: 13.09  |  Elite Prospects Rank: 12  |  Steve Laidlaw: 19  |  Blake: 11  |  DOM (RK): 21
Rasmus Dahlin,18.92,8,  KKUPFL ADP: 22.91  |  Elite Prospects Rank: 50  |  Steve Laidlaw: 17  |  Blake: 41  |  DOM (RK): 13
Igor Shesterkin,19.22,5,  KKUPFL ADP: 67.9  |  DOM (RK): 14
Evan Bouchard,19.41,8,  KKUPFL ADP: 20.85  |  Elite Prospects Rank: 27  |  Steve Laidlaw: 7  |  Blake: 36  |  DOM (RK): 18
Elias Pettersson,19.73,8,  KKUPFL ADP: 19.36  |  Elite Prospects Rank: 9  |  Steve Laidlaw: 27  |  Blake: 21  |  DOM (RK): 20
Connor Hellebuyck,20.03,5,  KKUPFL ADP: 48.32  |  DOM (RK): 17
Brady Tkachuk,20.81,8,  KKUPFL ADP: 11.14  |  Elite Prospects Rank: 28  |  Steve Laidlaw: 23  |  Blake: 10  |  DOM (RK): 22
Juuse Saros,21.6,5,  KKUPFL ADP: 83.17  |  DOM (RK): 15
Filip Forsberg,23.23,8,  KKUPFL ADP: 17.05  |  Elite Prospects Rank: 16  |  Steve Laidlaw: 21  |  Blake: 13  |  DOM (RK): 26
J.T. Miller,24.0,8,  KKUPFL ADP: 14.64  |  Elite Prospects Rank: 11  |  Steve Laidlaw: 14  |  Blake: 19  |  DOM (RK): 28
Sidney Crosby,28.45,8,  KKUPFL ADP: 26.35  |  Elite Prospects Rank: 25  |  Steve Laidlaw: 28  |  Blake: 20  |  DOM (RK): 30
Jake Oettinger,30.69,5,  KKUPFL ADP: 102.5  |  DOM (RK): 23
Jason Robertson,31.57,8,  KKUPFL ADP: 22.62  |  Elite Prospects Rank: 20  |  Steve Laidlaw: 39  |  Blake: 22  |  DOM (RK): 34
Tage Thompson,31.65,8,  KKUPFL ADP: 31.35  |  Elite Prospects Rank: 42  |  Steve Laidlaw: 61  |  Blake: 17  |  DOM (RK): 29
Andrei Vasilevskiy,31.66,5,  KKUPFL ADP: 103.2  |  DOM (RK): 24
Jake Guentzel,32.04,8,  KKUPFL ADP: 24.15  |  Elite Prospects Rank: 29  |  Steve Laidlaw: 15  |  Blake: 23  |  DOM (RK): 36
Sam Reinhart,32.81,8,  KKUPFL ADP: 28.76  |  Elite Prospects Rank: 30  |  Steve Laidlaw: 52  |  Blake: 28  |  DOM (RK): 32
Quinn Hughes,33.14,8,  KKUPFL ADP: 27.85  |  Elite Prospects Rank: 17  |  Steve Laidlaw: 16  |  Blake: 73  |  DOM (RK): 33
Noah Dobson,33.29,8,  KKUPFL ADP: 43.53  |  Elite Prospects Rank: 57  |  Steve Laidlaw: 32  |  Blake: 78  |  DOM (RK): 25
Stuart Skinner,35.97,5,  KKUPFL ADP: 119.74  |  DOM (RK): 27
Thatcher Demko,37.9,5,  KKUPFL ADP: 102.28  |  DOM (RK): 31
Zach Hyman,41.72,8,  KKUPFL ADP: 24.95  |  Elite Prospects Rank: 33  |  Steve Laidlaw: 72  |  Blake: 25  |  DOM (RK): 43
Timo Meier,42.02,8,  KKUPFL ADP: 45.65  |  Elite Prospects Rank: 67  |  Steve Laidlaw: 66  |  Blake: 27  |  DOM (RK): 38
Jack Eichel,43.91,8,  KKUPFL ADP: 22.53  |  Elite Prospects Rank: 41  |  Steve Laidlaw: 31  |  Blake: 15  |  DOM (RK): 51
Brayden Point,44.05,8,  KKUPFL ADP: 30.33  |  Elite Prospects Rank: 32  |  Steve Laidlaw: 45  |  Blake: 32  |  DOM (RK): 48
Jacob Markstrom,44.49,5,  KKUPFL ADP: 133.04  |  DOM (RK): 35
Jeremy Swayman,44.57,5,  KKUPFL ADP: 115.26  |  DOM (RK): 37
Adam Fox,45.61,8,  KKUPFL ADP: 36.16  |  Elite Prospects Rank: 45  |  Steve Laidlaw: 26  |  Blake: 81  |  DOM (RK): 45
Sergei Bobrovsky,46.02,5,  KKUPFL ADP: 92.92  |  DOM (RK): 41
Ilya Sorokin,46.28,5,  KKUPFL ADP: 114.2  |  DOM (RK): 39
Victor Hedman,47.49,8,  KKUPFL ADP: 43.53  |  Elite Prospects Rank: 99  |  Steve Laidlaw: 18  |  Blake: 62  |  DOM (RK): 44
Aleksander Barkov,48.96,8,  KKUPFL ADP: 31.13  |  Elite Prospects Rank: 21  |  Steve Laidlaw: 20  |  Blake: 30  |  DOM (RK): 59
Alex Ovechkin,52.69,8,  KKUPFL ADP: 48.87  |  Elite Prospects Rank: 146  |  Steve Laidlaw: 30  |  Blake: 39  |  DOM (RK): 47
Moritz Seider,54.01,8,  KKUPFL ADP: 73.74  |  Elite Prospects Rank: 118  |  Steve Laidlaw: 34  |  Blake: 121  |  DOM (RK): 40
Jesper Bratt,54.26,8,  KKUPFL ADP: 36.51  |  Elite Prospects Rank: 22  |  Steve Laidlaw: 85  |  Blake: 48  |  DOM (RK): 57
Miro Heiskanen,54.42,8,  KKUPFL ADP: 67.0  |  Elite Prospects Rank: 55  |  Steve Laidlaw: 38  |  Blake: 99  |  DOM (RK): 50
Alexandar Georgiev,54.55,5,  KKUPFL ADP: 134.3  |  DOM (RK): 46
Josh Morrissey,54.84,8,  KKUPFL ADP: 55.54  |  Elite Prospects Rank: 64  |  Steve Laidlaw: 37  |  Blake: 80  |  DOM (RK): 53
Tim Stutzle,55.57,8,  KKUPFL ADP: 38.58  |  Elite Prospects Rank: 24  |  Steve Laidlaw: 47  |  Blake: 34  |  DOM (RK): 64
Sebastian Aho,55.58,10,  KKUPFL ADP: 38.02  |  Elite Prospects Rank: 19  |  Steve Laidlaw: 58  |  Blake: 38  |  DOM (RK): 63
Connor Bedard,58.15,7,  KKUPFL ADP: 33.04  |  Elite Prospects Rank: 26  |  Steve Laidlaw: 56  |  Blake: 35  |  DOM (RK): 67
Mackenzie Weegar,58.34,8,  KKUPFL ADP: 65.91  |  Elite Prospects Rank: 187  |  Steve Laidlaw: 49  |  Blake: 84  |  DOM (RK): 42
Morgan Rielly,58.59,8,  KKUPFL ADP: 81.81  |  Elite Prospects Rank: 115  |  Steve Laidlaw: 33  |  Blake: 94  |  DOM (RK): 49
Wyatt Johnston,58.66,8,  KKUPFL ADP: 59.45  |  Elite Prospects Rank: 37  |  Steve Laidlaw: 116  |  Blake: 47  |  DOM (RK): 56
Matt Barzal,59.66,8,  KKUPFL ADP: 53.13  |  Elite Prospects Rank: 54  |  Steve Laidlaw: 76  |  Blake: 43  |  DOM (RK): 61
Kyle Connor,59.84,8,  KKUPFL ADP: 38.85  |  Elite Prospects Rank: 53  |  Steve Laidlaw: 64  |  Blake: 26  |  DOM (RK): 66
Adrian Kempe,60.0,8,  KKUPFL ADP: 43.35  |  Elite Prospects Rank: 60  |  Steve Laidlaw: 69  |  Blake: 49  |  DOM (RK): 62
Erik Karlsson,61.83,8,  KKUPFL ADP: 81.04  |  Elite Prospects Rank: 103  |  Steve Laidlaw: 54  |  Blake: 101  |  DOM (RK): 52
Charlie Mcavoy,63.04,8,  KKUPFL ADP: 80.24  |  Elite Prospects Rank: 116  |  Steve Laidlaw: 35  |  Blake: 96  |  DOM (RK): 55
Dylan Larkin,63.32,8,  KKUPFL ADP: 46.27  |  Elite Prospects Rank: 38  |  Steve Laidlaw: 46  |  Blake: 42  |  DOM (RK): 72
Jordan Binnington,63.43,5,  KKUPFL ADP: 151.49  |  DOM (RK): 54
Cole Caufield,63.85,7,  KKUPFL ADP: 41.85  |  Elite Prospects Rank: 52  |  Blake: 31  |  DOM (RK): 71
Vincent Trocheck,64.02,8,  KKUPFL ADP: 65.62  |  Elite Prospects Rank: 44  |  Steve Laidlaw: 63  |  Blake: 37  |  DOM (RK): 69
Clayton Keller,65.63,8,  KKUPFL ADP: 45.72  |  Elite Prospects Rank: 46  |  Steve Laidlaw: 78  |  Blake: 52  |  DOM (RK): 70
Steven Stamkos,66.18,8,  KKUPFL ADP: 33.07  |  Elite Prospects Rank: 71  |  Steve Laidlaw: 51  |  Blake: 46  |  DOM (RK): 73
Jordan Kyrou,67.1,8,  KKUPFL ADP: 67.94  |  Elite Prospects Rank: 66  |  Steve Laidlaw: 98  |  Blake: 56  |  DOM (RK): 65
Travis Konecny,67.36,8,  KKUPFL ADP: 49.53  |  Elite Prospects Rank: 77  |  Steve Laidlaw: 104  |  Blake: 33  |  DOM (RK): 68
John Carlson,67.53,8,  KKUPFL ADP: 84.02  |  Elite Prospects Rank: 170  |  Steve Laidlaw: 29  |  Blake: 76  |  DOM (RK): 58
Linus Ullmark,68.62,5,  KKUPFL ADP: 149.1  |  DOM (RK): 60
Mika Zibanejad,70.28,8,  KKUPFL ADP: 47.02  |  Elite Prospects Rank: 48  |  Steve Laidlaw: 42  |  Blake: 44  |  DOM (RK): 81
John Tavares,72.28,8,  KKUPFL ADP: 61.0  |  Elite Prospects Rank: 92  |  Steve Laidlaw: 41  |  Blake: 51  |  DOM (RK): 77
Andrei Svechnikov,72.86,8,  KKUPFL ADP: 47.43  |  Elite Prospects Rank: 43  |  Steve Laidlaw: 57  |  Blake: 40  |  DOM (RK): 84
Alex Tuch,79.84,8,  KKUPFL ADP: 74.19  |  Elite Prospects Rank: 89  |  Steve Laidlaw: 101  |  Blake: 63  |  DOM (RK): 79
Matt Boldy,81.67,8,  KKUPFL ADP: 45.58  |  Elite Prospects Rank: 36  |  Steve Laidlaw: 73  |  Blake: 29  |  DOM (RK): 97
Chris Kreider,82.58,8,  KKUPFL ADP: 58.11  |  Elite Prospects Rank: 97  |  Steve Laidlaw: 70  |  Blake: 64  |  DOM (RK): 87
Nico Hischier,83.66,8,  KKUPFL ADP: 69.77  |  Elite Prospects Rank: 62  |  Steve Laidlaw: 94  |  Blake: 59  |  DOM (RK): 89
Zach Werenski,83.67,8,  KKUPFL ADP: 64.28  |  Elite Prospects Rank: 141  |  Steve Laidlaw: 48  |  Blake: 69  |  DOM (RK): 85
Carter Verhaeghe,83.71,8,  KKUPFL ADP: 54.49  |  Elite Prospects Rank: 69  |  Steve Laidlaw: 84  |  Blake: 50  |  DOM (RK): 92
Kevin Fiala,83.71,8,  KKUPFL ADP: 58.49  |  Elite Prospects Rank: 47  |  Steve Laidlaw: 71  |  Blake: 53  |  DOM (RK): 95
Alex Debrincat,84.67,8,  KKUPFL ADP: 69.92  |  Elite Prospects Rank: 51  |  Steve Laidlaw: 75  |  Blake: 65  |  DOM (RK): 93
Adin Hill,85.3,5,  KKUPFL ADP: 181.48  |  DOM (RK): 75
Tristan Jarry,85.49,5,  KKUPFL ADP: 192.69  |  DOM (RK): 74
Seth Jarvis,85.57,8,  KKUPFL ADP: 73.23  |  Elite Prospects Rank: 39  |  Steve Laidlaw: 133  |  Blake: 93  |  DOM (RK): 86
Connor Ingram,86.27,5,  KKUPFL ADP: 182.17  |  DOM (RK): 76
Mike Matheson,86.96,8,  KKUPFL ADP: 70.19  |  Elite Prospects Rank: 123  |  Steve Laidlaw: 40  |  Blake: 77  |  DOM (RK): 91
Darcy Kuemper,87.88,5,  KKUPFL ADP: 180.09  |  DOM (RK): 78
Joel Eriksson Ek,88.65,8,  KKUPFL ADP: 56.98  |  Elite Prospects Rank: 61  |  Steve Laidlaw: 67  |  Blake: 45  |  DOM (RK): 102
Brandon Hagel,89.09,8,  KKUPFL ADP: 102.51  |  Elite Prospects Rank: 59  |  Steve Laidlaw: 170  |  Blake: 91  |  DOM (RK): 82
Joseph Woll,89.38,5,  KKUPFL ADP: 176.96  |  DOM (RK): 80
Nick Suzuki,90.37,8,  KKUPFL ADP: 75.31  |  Elite Prospects Rank: 40  |  Steve Laidlaw: 77  |  Blake: 70  |  DOM (RK): 101
Dougie Hamilton,90.59,8,  KKUPFL ADP: 57.47  |  Elite Prospects Rank: 124  |  Steve Laidlaw: 25  |  Blake: 68  |  DOM (RK): 100
Mikhail Sergachev,92.29,8,  KKUPFL ADP: 78.6  |  Elite Prospects Rank: 106  |  Steve Laidlaw: 59  |  Blake: 147  |  DOM (RK): 90
Filip Gustavsson,93.46,5,  KKUPFL ADP: 191.06  |  DOM (RK): 83
Bo Horvat,94.42,8,  KKUPFL ADP: 94.0  |  Elite Prospects Rank: 72  |  Steve Laidlaw: 103  |  Blake: 66  |  DOM (RK): 99
Drake Batherson ,95.0,1,  Elite Prospects Rank: 95
Owen Tippett,95.47,8,  KKUPFL ADP: 62.98  |  Elite Prospects Rank: 126  |  Steve Laidlaw: 127  |  Blake: 61  |  DOM (RK): 96
Roope Hintz,95.98,8,  KKUPFL ADP: 81.67  |  Elite Prospects Rank: 56  |  Steve Laidlaw: 105  |  Blake: 57  |  DOM (RK): 105
Seth Jones,96.87,8,  KKUPFL ADP: 117.24  |  Elite Prospects Rank: 188  |  Steve Laidlaw: 43  |  Blake: 122  |  DOM (RK): 88
Jonathan Marchessault,99.05,8,  KKUPFL ADP: 76.06  |  Elite Prospects Rank: 82  |  Steve Laidlaw: 158  |  Blake: 90  |  DOM (RK): 98
Brock Nelson,101.32,8,  KKUPFL ADP: 96.33  |  Elite Prospects Rank: 83  |  Steve Laidlaw: 115  |  Blake: 86  |  DOM (RK): 104
Robert Thomas,102.92,8,  KKUPFL ADP: 87.24  |  Elite Prospects Rank: 23  |  Steve Laidlaw: 83  |  Blake: 87  |  DOM (RK): 117
Shea Theodore,103.63,8,  KKUPFL ADP: 99.37  |  Elite Prospects Rank: 113  |  Steve Laidlaw: 44  |  Blake: 108  |  DOM (RK): 109
Jared Mccann,104.0,8,  KKUPFL ADP: 97.69  |  Elite Prospects Rank: 91  |  Steve Laidlaw: 135  |  Blake: 55  |  DOM (RK): 108
Lucas Raymond,104.27,8,  KKUPFL ADP: 92.94  |  Elite Prospects Rank: 34  |  Steve Laidlaw: 160  |  Blake: 114  |  DOM (RK): 106
Bryan Rust,105.12,8,  KKUPFL ADP: 90.23  |  Elite Prospects Rank: 138  |  Steve Laidlaw: 102  |  Blake: 54  |  DOM (RK): 109
Sam Montembeault,106.01,5,  KKUPFL ADP: 218.12  |  DOM (RK): 94
Caul Caufield,108.0,1,  Steve Laidlaw: 108
Ryan Nugent-Hopkins,108.48,8,  KKUPFL ADP: 85.45  |  Elite Prospects Rank: 35  |  Steve Laidlaw: 65  |  Blake: 85  |  DOM (RK): 126
Kris Letang,110.02,8,  KKUPFL ADP: 127.56  |  Elite Prospects Rank: 166  |  Steve Laidlaw: 80  |  Blake: 132  |  DOM (RK): 103
Nazem Kadri,110.71,8,  KKUPFL ADP: 93.52  |  Elite Prospects Rank: 149  |  Steve Laidlaw: 91  |  Blake: 60  |  DOM (RK): 116
Pavel Buchnevich,112.4,8,  KKUPFL ADP: 93.61  |  Elite Prospects Rank: 58  |  Steve Laidlaw: 110  |  Blake: 89  |  DOM (RK): 123
Charlie Lindgren,113.56,5,  KKUPFL ADP: 156.16  |  DOM (RK): 109
Brock Faber,117.64,8,  KKUPFL ADP: 103.53  |  Elite Prospects Rank: 175  |  Steve Laidlaw: 62  |  Blake: 164  |  DOM (RK): 114
Justin Faulk,117.69,8,  KKUPFL ADP: 157.55  |  Elite Prospects Rank: 221  |  Steve Laidlaw: 53  |  Blake: 139  |  DOM (RK): 107
Jake Debrusk,118.12,8,  KKUPFL ADP: 140.55  |  Elite Prospects Rank: 73  |  Steve Laidlaw: 224  |  Blake: 92  |  DOM (RK): 112
Brad Marchand,119.55,8,  KKUPFL ADP: 83.98  |  Elite Prospects Rank: 79  |  Steve Laidlaw: 60  |  Blake: 83  |  DOM (RK): 138
Mark Scheifele,120.05,8,  KKUPFL ADP: 92.96  |  Elite Prospects Rank: 74  |  Steve Laidlaw: 81  |  Blake: 74  |  DOM (RK): 137
Martin Necas,121.45,8,  KKUPFL ADP: 108.96  |  Elite Prospects Rank: 80  |  Steve Laidlaw: 90  |  Blake: 71  |  DOM (RK): 136
Ukko-Pekka Luukkonen,122.05,5,  KKUPFL ADP: 150.55  |  DOM (RK): 119
Elias Lindholm,123.42,8,  KKUPFL ADP: 109.6  |  Elite Prospects Rank: 88  |  Steve Laidlaw: 109  |  Blake: 79  |  DOM (RK): 135
Joey Daccord,124.36,5,  KKUPFL ADP: 211.71  |  DOM (RK): 115
Brandon Montour,125.55,8,  KKUPFL ADP: 109.69  |  Elite Prospects Rank: 184  |  Steve Laidlaw: 92  |  Blake: 131  |  DOM (RK): 124
Brock Boeser,125.94,8,  KKUPFL ADP: 86.92  |  Elite Prospects Rank: 49  |  Steve Laidlaw: 130  |  Blake: 88  |  DOM (RK): 142
Noah Hanifin,126.45,8,  KKUPFL ADP: 117.38  |  Elite Prospects Rank: 215  |  Steve Laidlaw: 122  |  Blake: 177  |  DOM (RK): 113
Dylan Cozens,126.97,8,  KKUPFL ADP: 139.22  |  Elite Prospects Rank: 68  |  Steve Laidlaw: 174  |  Blake: 117  |  DOM (RK): 128
Drew Doughty,129.05,8,  KKUPFL ADP: 120.29  |  Elite Prospects Rank: 150  |  Steve Laidlaw: 82  |  Blake: 155  |  DOM (RK): 130
Juraj Slafkovsky,129.4,8,  KKUPFL ADP: 81.37  |  Elite Prospects Rank: 96  |  Steve Laidlaw: 95  |  Blake: 109  |  DOM (RK): 144
Johnny Gaudreau,129.6,3,  KKUPFL ADP: 129.6
Vince Dunn,129.64,8,  KKUPFL ADP: 129.27  |  Elite Prospects Rank: 119  |  Steve Laidlaw: 55  |  Blake: 184  |  DOM (RK): 133
Ryan Oreilly,132.27,1,  KKUPFL ADP: 132.27
Alexis Lafreniere,133.26,8,  KKUPFL ADP: 106.46  |  Elite Prospects Rank: 63  |  Steve Laidlaw: 203  |  Blake: 107  |  DOM (RK): 139
Alex Pietrangelo,133.53,8,  KKUPFL ADP: 155.69  |  Elite Prospects Rank: 246  |  Steve Laidlaw: 68  |  Blake: 172  |  DOM (RK): 122
Frederik Andersen,135.72,5,  KKUPFL ADP: 217.14  |  DOM (RK): 127
Rasmus Andersson,136.4,8,  KKUPFL ADP: 180.65  |  Elite Prospects Rank: 223  |  Steve Laidlaw: 145  |  Blake: 150  |  DOM (RK): 120
Nikolaj Ehlers,136.96,8,  KKUPFL ADP: 105.2  |  Elite Prospects Rank: 76  |  Steve Laidlaw: 159  |  Blake: 58  |  DOM (RK): 153
Elvis Merzlikins,137.2,5,  KKUPFL ADP: 251.05  |  DOM (RK): 125
Jake Sanderson,138.61,8,  KKUPFL ADP: 132.1  |  Elite Prospects Rank: 164  |  Steve Laidlaw: 74  |  Blake: 162  |  DOM (RK): 141
Jj Peterka,138.71,6,  KKUPFL ADP: 127.76  |  Elite Prospects Rank: 93  |  Steve Laidlaw: 190  |  Blake: 104  |  DOM (RK): 143
Gustav Forsling,138.81,8,  KKUPFL ADP: 162.52  |  Elite Prospects Rank: 227  |  Steve Laidlaw: 162  |  Blake: 170  |  DOM (RK): 121
Pyotr Kochetkov,139.02,5,  KKUPFL ADP: 213.86  |  DOM (RK): 131
Samuel Ersson,139.11,5,  KKUPFL ADP: 233.45  |  DOM (RK): 129
Brady Skjei,139.25,8,  KKUPFL ADP: 179.29  |  Elite Prospects Rank: 242  |  Steve Laidlaw: 147  |  Blake: 187  |  DOM (RK): 118
Cam Talbot,139.92,5,  KKUPFL ADP: 213.83  |  DOM (RK): 132
Aaron Ekblad,142.61,8,  KKUPFL ADP: 125.19  |  Elite Prospects Rank: 157  |  Steve Laidlaw: 24  |  Blake: 130  |  DOM (RK): 157
Yaroslav Askarov,145.23,5,  KKUPFL ADP: 250.0  |  DOM (RK): 134
Darnell Nurse,145.62,8,  KKUPFL ADP: 156.94  |  Elite Prospects Rank: 250  |  Steve Laidlaw: 86  |  Blake: 142  |  DOM (RK): 140
Devon Toews,145.71,8,  KKUPFL ADP: 150.18  |  Elite Prospects Rank: 142  |  Steve Laidlaw: 114  |  Blake: 174  |  DOM (RK): 146
Frank Vatrano,146.24,8,  KKUPFL ADP: 95.48  |  Elite Prospects Rank: 130  |  Steve Laidlaw: 131  |  Blake: 72  |  DOM (RK): 163
Patrick Kane,147.05,8,  KKUPFL ADP: 97.02  |  Elite Prospects Rank: 75  |  Steve Laidlaw: 99  |  Blake: 75  |  DOM (RK): 173
Troy Terry,147.22,8,  KKUPFL ADP: 142.33  |  Elite Prospects Rank: 78  |  Steve Laidlaw: 208  |  Blake: 116  |  DOM (RK): 152
Drake Batherson,148.04,7,  KKUPFL ADP: 97.49  |  Steve Laidlaw: 97  |  Blake: 82  |  DOM (RK): 166
Evgeni Malkin,148.51,8,  KKUPFL ADP: 132.1  |  Elite Prospects Rank: 98  |  Steve Laidlaw: 87  |  Blake: 67  |  DOM (RK): 171
Dylan Guenther,149.1,8,  KKUPFL ADP: 124.06  |  Elite Prospects Rank: 125  |  Steve Laidlaw: 152  |  Blake: 103  |  DOM (RK): 159
Jacob Trouba,149.43,7,  KKUPFL ADP: 171.26  |  Steve Laidlaw: 96  |  Blake: 185  |  DOM (RK): 149
Tyler Toffoli,149.69,8,  KKUPFL ADP: 139.5  |  Elite Prospects Rank: 111  |  Steve Laidlaw: 180  |  Blake: 128  |  DOM (RK): 154
Dylan Strome,150.62,8,  KKUPFL ADP: 155.64  |  Elite Prospects Rank: 100  |  Steve Laidlaw: 138  |  Blake: 112  |  DOM (RK): 161
Brent Burns,151.12,8,  KKUPFL ADP: 167.65  |  Elite Prospects Rank: 194  |  Steve Laidlaw: 107  |  Blake: 193  |  DOM (RK): 145
Mack Celebrini,153.35,1,  KKUPFL ADP: 153.35
Thomas Harley,154.33,8,  KKUPFL ADP: 156.75  |  Elite Prospects Rank: 172  |  Steve Laidlaw: 106  |  Blake: 167  |  DOM (RK): 156
Yegor Sharangovich,154.99,8,  KKUPFL ADP: 167.2  |  Elite Prospects Rank: 117  |  Steve Laidlaw: 228  |  Blake: 145  |  DOM (RK): 151
Dustin Wolf,155.61,5,  KKUPFL ADP: 226.64  |  DOM (RK): 148
Jake Walman,157.4,7,  KKUPFL ADP: 181.93  |  Steve Laidlaw: 143  |  Blake: 123  |  DOM (RK): 160
Pierre-Luc Dubois,157.6,8,  KKUPFL ADP: 195.66  |  Elite Prospects Rank: 129  |  Steve Laidlaw: 146  |  Blake: 100  |  DOM (RK): 164
Claude Giroux,157.67,8,  KKUPFL ADP: 146.62  |  Elite Prospects Rank: 90  |  Steve Laidlaw: 125  |  Blake: 154  |  DOM (RK): 170
Tomas Hertl,158.18,8,  KKUPFL ADP: 126.69  |  Elite Prospects Rank: 86  |  Steve Laidlaw: 120  |  Blake: 115  |  DOM (RK): 178
Thomas Chabot,159.09,8,  KKUPFL ADP: 136.85  |  Elite Prospects Rank: 165  |  Steve Laidlaw: 79  |  Blake: 163  |  DOM (RK): 169
John Gibson,159.51,5,  KKUPFL ADP: 248.24  |  DOM (RK): 150
Jakob Chychrun,160.22,8,  KKUPFL ADP: 129.59  |  Elite Prospects Rank: 247  |  Steve Laidlaw: 88  |  Blake: 113  |  DOM (RK): 167
Anze Kopitar,160.8,8,  KKUPFL ADP: 152.27  |  Elite Prospects Rank: 81  |  Steve Laidlaw: 124  |  Blake: 144  |  DOM (RK): 176
Colton Parayko,162.23,7,  KKUPFL ADP: 213.88  |  Steve Laidlaw: 193  |  Blake: 222  |  DOM (RK): 147
Anthony Stolarz,163.84,5,  KKUPFL ADP: 246.36  |  DOM (RK): 155
Boone Jenner,164.02,8,  KKUPFL ADP: 152.59  |  Elite Prospects Rank: 203  |  Steve Laidlaw: 128  |  Blake: 98  |  DOM (RK): 172
Nick Schmaltz,167.43,8,  KKUPFL ADP: 150.41  |  Elite Prospects Rank: 85  |  Steve Laidlaw: 155  |  Blake: 134  |  DOM (RK): 183
Petr Mrazek,167.91,5,  KKUPFL ADP: 223.05  |  DOM (RK): 162
Logan Cooley,168.03,7,  KKUPFL ADP: 216.38  |  Elite Prospects Rank: 127  |  Steve Laidlaw: 184  |  Blake: 173  |  DOM (RK): 165
Travis Sanheim,170.77,8,  KKUPFL ADP: 198.31  |  Elite Prospects Rank: 257  |  Steve Laidlaw: 167  |  Blake: 180  |  DOM (RK): 158
Mark Stone,171.48,8,  KKUPFL ADP: 126.42  |  Elite Prospects Rank: 87  |  Steve Laidlaw: 100  |  Blake: 97  |  DOM (RK): 201
Trevor Moore,174.16,8,  KKUPFL ADP: 144.84  |  Elite Prospects Rank: 134  |  Steve Laidlaw: 234  |  Blake: 120  |  DOM (RK): 181
Jonathan Huberdeau,174.52,8,  KKUPFL ADP: 174.91  |  Elite Prospects Rank: 65  |  Steve Laidlaw: 182  |  Blake: 141  |  DOM (RK): 189
Mattias Ekholm,174.69,8,  KKUPFL ADP: 172.21  |  Elite Prospects Rank: 209  |  Steve Laidlaw: 142  |  Blake: 182  |  DOM (RK): 174
Jamie Benn,174.94,8,  KKUPFL ADP: 193.47  |  Elite Prospects Rank: 133  |  Steve Laidlaw: 119  |  Blake: 151  |  DOM (RK): 186
Dan Vladar,177.0,4,  DOM (RK): 177
Timthoy Liljegren,178.0,1,  Steve Laidlaw: 178
Tom Wilson,178.8,8,  KKUPFL ADP: 190.29  |  Elite Prospects Rank: 236  |  Steve Laidlaw: 132  |  Blake: 127  |  DOM (RK): 182
Filip Hronek,181.22,8,  KKUPFL ADP: 214.0  |  Elite Prospects Rank: 228  |  Steve Laidlaw: 121  |  Blake: 220  |  DOM (RK): 175
Neal Pionk,181.42,8,  KKUPFL ADP: 243.98  |  Elite Prospects Rank: 259  |  Steve Laidlaw: 141  |  Blake: 207  |  DOM (RK): 168
Sean Durzi,182.28,7,  KKUPFL ADP: 176.79  |  Steve Laidlaw: 113  |  Blake: 157  |  DOM (RK): 193
Patrik Laine,182.92,8,  KKUPFL ADP: 154.26  |  Elite Prospects Rank: 94  |  Steve Laidlaw: 173  |  Blake: 95  |  DOM (RK): 206
K'Andre Miller,183.24,6,  Elite Prospects Rank: 212  |  Steve Laidlaw: 194  |  DOM (RK): 179
Ryan O'Reilly,183.35,7,  Elite Prospects Rank: 135  |  Steve Laidlaw: 161  |  Blake: 136  |  DOM (RK): 196
Mason Mctavish,184.38,8,  KKUPFL ADP: 172.68  |  Elite Prospects Rank: 104  |  Steve Laidlaw: 253  |  Blake: 202  |  DOM (RK): 185
Laurent Brossoit,187.02,5,  KKUPFL ADP: 252.5  |  DOM (RK): 180
Teuvo Teravainen,187.9,8,  KKUPFL ADP: 191.32  |  Elite Prospects Rank: 132  |  Steve Laidlaw: 209  |  Blake: 181  |  DOM (RK): 192
Gabe Vilardi,188.0,1,  Steve Laidlaw: 188
Quinton Byfield,188.06,8,  KKUPFL ADP: 138.1  |  Elite Prospects Rank: 70  |  Steve Laidlaw: 139  |  Blake: 135  |  DOM (RK): 217
Matt Roy,188.54,6,  KKUPFL ADP: 243.4  |  Steve Laidlaw: 176  |  DOM (RK): 184
Jake Neighbours,188.94,8,  KKUPFL ADP: 196.48  |  Elite Prospects Rank: 167  |  Steve Laidlaw: 276  |  Blake: 125  |  DOM (RK): 188
Macklin Celebrini,189.32,5,  Elite Prospects Rank: 206  |  Steve Laidlaw: 175  |  Blake: 106  |  DOM (RK): 198
Matt Duchene,189.76,8,  KKUPFL ADP: 181.49  |  Elite Prospects Rank: 105  |  Steve Laidlaw: 157  |  Blake: 192  |  DOM (RK): 203
Luke Hughes,190.14,8,  KKUPFL ADP: 149.57  |  Elite Prospects Rank: 102  |  Steve Laidlaw: 150  |  Blake: 267  |  DOM (RK): 200
Adam Fantilli,192.06,7,  KKUPFL ADP: 182.74  |  Elite Prospects Rank: 154  |  Steve Laidlaw: 134  |  Blake: 102  |  DOM (RK): 213
Tyler Bertuzzi,194.18,8,  KKUPFL ADP: 193.68  |  Elite Prospects Rank: 161  |  Steve Laidlaw: 169  |  Blake: 124  |  DOM (RK): 208
Logan Thompson,194.99,5,  KKUPFL ADP: 232.21  |  DOM (RK): 191
Kaiden Guhle,195.15,7,  KKUPFL ADP: 249.5  |  Steve Laidlaw: 189  |  Blake: 223  |  DOM (RK): 187
Lukas Dostal,195.55,5,  KKUPFL ADP: 247.33  |  DOM (RK): 190
Sam Bennett,198.66,8,  KKUPFL ADP: 169.85  |  Elite Prospects Rank: 210  |  Steve Laidlaw: 148  |  Blake: 105  |  DOM (RK): 216
Alex Lyon,198.72,5,  KKUPFL ADP: 242.79  |  DOM (RK): 194
Esa Lindell,202.0,4,  DOM (RK): 202
Hampus Lindholm,203.5,6,  Steve Laidlaw: 154  |  Blake: 295  |  DOM (RK): 199
Michael Bunting,204.7,8,  KKUPFL ADP: 186.96  |  Elite Prospects Rank: 137  |  Steve Laidlaw: 198  |  Blake: 126  |  DOM (RK): 223
Brayden Schenn,205.55,8,  KKUPFL ADP: 230.05  |  Elite Prospects Rank: 190  |  Steve Laidlaw: 192  |  Blake: 178  |  DOM (RK): 209
Radko Gudas,206.26,7,  KKUPFL ADP: 232.93  |  Steve Laidlaw: 153  |  Blake: 198  |  DOM (RK): 210
Blake Coleman,207.26,8,  KKUPFL ADP: 211.83  |  Elite Prospects Rank: 249  |  Steve Laidlaw: 312  |  Blake: 152  |  DOM (RK): 197
Jaccob Slavin,207.39,7,  KKUPFL ADP: 249.83  |  Steve Laidlaw: 213  |  Blake: 275  |  DOM (RK): 195
Matty Beniers,207.5,8,  KKUPFL ADP: 207.33  |  Elite Prospects Rank: 84  |  Steve Laidlaw: 248  |  Blake: 118  |  DOM (RK): 226
Phillipp Kurashev,208.0,1,  Elite Prospects Rank: 208
Philipp Grubauer,208.72,5,  KKUPFL ADP: 252.79  |  DOM (RK): 204
William Karlsson,209.08,8,  KKUPFL ADP: 199.43  |  Elite Prospects Rank: 128  |  Steve Laidlaw: 164  |  Blake: 159  |  DOM (RK): 229
Mats Zuccarello,210.41,8,  KKUPFL ADP: 131.47  |  Elite Prospects Rank: 162  |  Steve Laidlaw: 50  |  Blake: 110  |  DOM (RK): 252
Cam York,210.95,7,  KKUPFL ADP: 220.36  |  Steve Laidlaw: 112  |  Blake: 216  |  DOM (RK): 220
Tyler Seguin,210.97,8,  KKUPFL ADP: 211.29  |  Elite Prospects Rank: 179  |  Steve Laidlaw: 256  |  Blake: 160  |  DOM (RK): 215
Devon Levi,211.01,5,  KKUPFL ADP: 248.45  |  DOM (RK): 207
Artturi Lehkonen,212.03,8,  KKUPFL ADP: 150.45  |  Elite Prospects Rank: 155  |  Steve Laidlaw: 144  |  Blake: 119  |  DOM (RK): 242
Jake Mccabe,213.12,6,  KKUPFL ADP: 252.07  |  Steve Laidlaw: 166  |  DOM (RK): 214
Matvei Michkov,214.21,6,  KKUPFL ADP: 162.77  |  Elite Prospects Rank: 189  |  Steve Laidlaw: 140  |  Blake: 143  |  DOM (RK): 238
Ivan Provorov,214.4,7,  KKUPFL ADP: 251.98  |  Steve Laidlaw: 197  |  Blake: 282  |  DOM (RK): 205
Adam Larsson,215.0,6,  Steve Laidlaw: 199  |  Blake: 259  |  DOM (RK): 212
Ryan Pulock,216.39,5,  Steve Laidlaw: 136  |  DOM (RK): 225
Pavel Zacha,217.14,8,  KKUPFL ADP: 201.48  |  Elite Prospects Rank: 148  |  Steve Laidlaw: 205  |  Blake: 138  |  DOM (RK): 236
Shayne Gostisbehere,217.25,8,  KKUPFL ADP: 152.33  |  Elite Prospects Rank: 240  |  Steve Laidlaw: 93  |  Blake: 218  |  DOM (RK): 235
Jeff Skinner,218.85,8,  KKUPFL ADP: 147.29  |  Elite Prospects Rank: 108  |  Steve Laidlaw: 242  |  Blake: 190  |  DOM (RK): 239
Owen Power,219.39,8,  KKUPFL ADP: 240.9  |  Elite Prospects Rank: 237  |  Steve Laidlaw: 227  |  Blake: 251  |  DOM (RK): 211
Trevor Zegras,219.77,8,  KKUPFL ADP: 172.3  |  Elite Prospects Rank: 101  |  Steve Laidlaw: 185  |  Blake: 148  |  DOM (RK): 249
Dmitry Orlov,221.71,5,  Steve Laidlaw: 163  |  DOM (RK): 228
Andrei Kuzmenko,221.8,8,  KKUPFL ADP: 197.33  |  Elite Prospects Rank: 120  |  Steve Laidlaw: 237  |  Blake: 191  |  DOM (RK): 237
Pavel Mintyukov,222.37,7,  KKUPFL ADP: 219.26  |  Elite Prospects Rank: 265  |  Steve Laidlaw: 137  |  Blake: 281  |  DOM (RK): 221
Will Borgen,223.0,3,  Steve Laidlaw: 223
Kyle Palmieri,223.06,8,  KKUPFL ADP: 229.48  |  Elite Prospects Rank: 205  |  Steve Laidlaw: 207  |  Blake: 158  |  DOM (RK): 233
Nikita Zadorov,223.23,5,  Steve Laidlaw: 272  |  DOM (RK): 218
Lane Hutson,223.25,6,  KKUPFL ADP: 217.38  |  Steve Laidlaw: 118  |  Blake: 262  |  DOM (RK): 231
Marcus Pettersson,223.35,5,  Steve Laidlaw: 236  |  DOM (RK): 222
Gabriel Vilardi,223.71,7,  KKUPFL ADP: 127.82  |  Elite Prospects Rank: 159  |  Blake: 111  |  DOM (RK): 253
Karel Vejmelka,224.0,4,  DOM (RK): 224
Alex Romanov,227.0,2,  DOM (RK): 227
Tommy Novak,227.77,4,  KKUPFL ADP: 239.1  |  Elite Prospects Rank: 181  |  Steve Laidlaw: 291  |  Blake: 200
Matthew Knies,230.19,8,  KKUPFL ADP: 244.19  |  Elite Prospects Rank: 192  |  Steve Laidlaw: 326  |  Blake: 263  |  DOM (RK): 219
Oliver Bjorkstrand,230.46,8,  KKUPFL ADP: 207.43  |  Elite Prospects Rank: 114  |  Steve Laidlaw: 177  |  Blake: 129  |  DOM (RK): 262
Vladimir Tarasenko,231.21,8,  KKUPFL ADP: 201.43  |  Elite Prospects Rank: 122  |  Steve Laidlaw: 187  |  Blake: 183  |  DOM (RK): 256
Ilya Samsonov,231.96,5,  KKUPFL ADP: 250.26  |  DOM (RK): 230
Anton Forsberg,232.0,4,  DOM (RK): 232
Braden Schneider,233.9,5,  Steve Laidlaw: 233  |  DOM (RK): 234
Jared Spurgeon,237.51,8,  KKUPFL ADP: 250.14  |  Elite Prospects Rank: 272  |  Steve Laidlaw: 149  |  Blake: 209  |  DOM (RK): 245
Esa Lundell,239.0,1,  Steve Laidlaw: 239
Eeli Tolvanen,241.38,8,  KKUPFL ADP: 217.74  |  Elite Prospects Rank: 233  |  Steve Laidlaw: 251  |  Blake: 146  |  DOM (RK): 254
Dylan Demelo,241.94,5,  Steve Laidlaw: 260  |  DOM (RK): 240
Conor Garland,243.05,8,  KKUPFL ADP: 251.69  |  Elite Prospects Rank: 193  |  Steve Laidlaw: 299  |  Blake: 201  |  DOM (RK): 246
Mario Ferraro,243.18,7,  KKUPFL ADP: 252.88  |  Steve Laidlaw: 231  |  Blake: 266  |  DOM (RK): 241
Alex Nedeljkovic,243.83,5,  KKUPFL ADP: 251.55  |  DOM (RK): 243
Jonas Brodin,244.0,4,  DOM (RK): 244
Sean Walker,245.54,6,  KKUPFL ADP: 248.5  |  Steve Laidlaw: 229  |  DOM (RK): 247
Lawson Crouse,246.03,7,  KKUPFL ADP: 234.31  |  Elite Prospects Rank: 199  |  Blake: 165  |  DOM (RK): 261
Ryan Hartman,246.41,8,  KKUPFL ADP: 250.52  |  Elite Prospects Rank: 174  |  Steve Laidlaw: 201  |  Blake: 168  |  DOM (RK): 267
Alexander Romanov,246.46,4,  KKUPFL ADP: 249.93  |  Steve Laidlaw: 243
Brandt Clarke,246.98,8,  KKUPFL ADP: 244.74  |  Elite Prospects Rank: 219  |  Steve Laidlaw: 156  |  Blake: 256  |  DOM (RK): 259
Cam Fowler,247.31,8,  KKUPFL ADP: 244.83  |  Elite Prospects Rank: 217  |  Steve Laidlaw: 123  |  Blake: 258  |  DOM (RK): 263
Rickard Rakell,247.57,8,  KKUPFL ADP: 234.98  |  Elite Prospects Rank: 213  |  Steve Laidlaw: 181  |  Blake: 208  |  DOM (RK): 264
Brayden Mcnabb,247.63,6,  KKUPFL ADP: 252.19  |  Steve Laidlaw: 221  |  DOM (RK): 250
Jj Moser,248.5,2,  Steve Laidlaw: 226  |  Blake: 271
Tij Iginla,250.07,1,  KKUPFL ADP: 250.07
Bowen Byram,250.28,8,  KKUPFL ADP: 216.69  |  Elite Prospects Rank: 229  |  Steve Laidlaw: 117  |  Blake: 217  |  DOM (RK): 274
Kandre Miller,250.38,1,  KKUPFL ADP: 250.38
Nick Seeler,250.81,5,  Steve Laidlaw: 277  |  DOM (RK): 248
Martin Grenier,251.0,1,  KKUPFL ADP: 251.0
Nikolai Kovalenko,251.12,1,  KKUPFL ADP: 251.12
Charlie Coyle,251.14,8,  KKUPFL ADP: 228.14  |  Elite Prospects Rank: 160  |  Steve Laidlaw: 273  |  Blake: 186  |  DOM (RK): 268
Daniil Tarasov,251.14,3,  KKUPFL ADP: 251.14
Berkly Catton,251.86,1,  KKUPFL ADP: 251.86
Matthew Savoie,251.98,2,  KKUPFL ADP: 251.98
Evil Twin Jack Hughes,251.98,1,  KKUPFL ADP: 251.98
Matthew Rempe,252.38,1,  KKUPFL ADP: 252.38
Jaromir Jagr,252.43,1,  KKUPFL ADP: 252.43
Jakob Pelletier,252.43,3,  KKUPFL ADP: 252.43
Zayne Parekh,252.48,1,  KKUPFL ADP: 252.48
Shakir Mukhamadullin,252.55,2,  KKUPFL ADP: 252.55
Dmitry Voronkov,252.67,1,  KKUPFL ADP: 252.67
Ville Husso,252.69,3,  KKUPFL ADP: 252.69
Max Pacioretty,252.81,3,  KKUPFL ADP: 252.81
Ivan Demidov,252.88,1,  KKUPFL ADP: 252.88
Kirill Marchenko,253.17,8,  KKUPFL ADP: 208.33  |  Elite Prospects Rank: 171  |  Steve Laidlaw: 202  |  Blake: 153  |  DOM (RK): 283
Mackenzie Blackwood,254.07,5,  KKUPFL ADP: 245.36  |  DOM (RK): 255
Damon Severson,254.32,7,  Elite Prospects Rank: 261  |  Steve Laidlaw: 255  |  Blake: 278  |  DOM (RK): 251
Dawson Mercer,254.91,8,  KKUPFL ADP: 235.12  |  Elite Prospects Rank: 109  |  Steve Laidlaw: 324  |  Blake: 248  |  DOM (RK): 266
Ben Chiarot,255.35,5,  Steve Laidlaw: 212  |  DOM (RK): 260
Marc-Andre Fleury,257.0,4,  DOM (RK): 257
Tyson Foerster,257.14,7,  KKUPFL ADP: 246.45  |  Steve Laidlaw: 293  |  Blake: 224  |  DOM (RK): 258
Shane Pinto,257.79,8,  KKUPFL ADP: 190.55  |  Elite Prospects Rank: 183  |  Steve Laidlaw: 216  |  Blake: 169  |  DOM (RK): 287
Nicholas Paul,257.99,3,  KKUPFL ADP: 249.98  |  Elite Prospects Rank: 271  |  Blake: 253
Jack Quinn,258.19,8,  KKUPFL ADP: 206.82  |  Elite Prospects Rank: 131  |  Steve Laidlaw: 311  |  Blake: 199  |  DOM (RK): 278
Josh Manson,259.61,5,  Steve Laidlaw: 172  |  DOM (RK): 269
Leo Carlsson,261.49,7,  KKUPFL ADP: 214.17  |  Elite Prospects Rank: 147  |  Steve Laidlaw: 263  |  Blake: 137  |  DOM (RK): 292
Mavrik Bourque ,262.0,1,  Elite Prospects Rank: 262
Ivan Barbashev,262.48,8,  KKUPFL ADP: 243.71  |  Elite Prospects Rank: 200  |  Steve Laidlaw: 266  |  Blake: 242  |  DOM (RK): 273
William Eklund,263.01,8,  KKUPFL ADP: 215.81  |  Elite Prospects Rank: 214  |  Steve Laidlaw: 250  |  Blake: 195  |  DOM (RK): 282
Justus Annunen,263.83,5,  KKUPFL ADP: 252.93  |  DOM (RK): 265
Alexander Holtz,263.83,4,  KKUPFL ADP: 251.67  |  Blake: 276
Jordan Eberle,264.3,7,  Elite Prospects Rank: 234  |  Steve Laidlaw: 262  |  Blake: 197  |  DOM (RK): 275
Phillip Danault,265.12,8,  KKUPFL ADP: 252.64  |  Elite Prospects Rank: 211  |  Steve Laidlaw: 259  |  Blake: 227  |  DOM (RK): 277
Olen Zellweger,268.81,6,  KKUPFL ADP: 249.26  |  Steve Laidlaw: 206  |  Blake: 284  |  DOM (RK): 276
Semyon Varlamov,269.7,5,  KKUPFL ADP: 248.26  |  DOM (RK): 272
Cayden Primeau,270.0,4,  DOM (RK): 270
Jeff Petry,270.87,5,  Steve Laidlaw: 195  |  DOM (RK): 279
Chris Tanev,271.0,4,  DOM (RK): 271
Viktor Arvidsson,274.03,8,  KKUPFL ADP: 139.1  |  Elite Prospects Rank: 143  |  Steve Laidlaw: 196  |  Blake: 133  |  DOM (RK): 326
Jg Pageau,275.0,1,  Steve Laidlaw: 275
Joel Farabee,275.37,8,  KKUPFL ADP: 245.88  |  Elite Prospects Rank: 145  |  Steve Laidlaw: 302  |  Blake: 188  |  DOM (RK): 299
Erik Gustafsson,275.47,7,  KKUPFL ADP: 225.52  |  Steve Laidlaw: 179  |  Blake: 277  |  DOM (RK): 291
Timothy Liljegren,275.84,6,  KKUPFL ADP: 250.48  |  Blake: 225  |  DOM (RK): 284
Mikael Granlund,278.31,8,  KKUPFL ADP: 207.14  |  Elite Prospects Rank: 139  |  Steve Laidlaw: 126  |  Blake: 140  |  DOM (RK): 332
Drew O' Connor,279.0,1,  Blake: 279
Erik Cernak,279.32,5,  Steve Laidlaw: 217  |  DOM (RK): 286
Jamie Oleksiak,280.0,4,  DOM (RK): 280
Joel Hofer,281.0,4,  DOM (RK): 281
Brett Pesce,281.87,5,  KKUPFL ADP: 252.67  |  DOM (RK): 285
Jeremy Lauzon,282.74,6,  KKUPFL ADP: 220.74  |  Steve Laidlaw: 165  |  DOM (RK): 302
Torey Krug,283.9,5,  KKUPFL ADP: 245.62  |  DOM (RK): 288
Logan Couture,285.02,5,  KKUPFL ADP: 247.9  |  DOM (RK): 289
Anthony Duclair,286.63,8,  KKUPFL ADP: 235.07  |  Elite Prospects Rank: 182  |  Steve Laidlaw: 241  |  Blake: 149  |  DOM (RK): 323
Matias Maccelli,287.47,8,  KKUPFL ADP: 244.55  |  Elite Prospects Rank: 112  |  Steve Laidlaw: 289  |  Blake: 210  |  DOM (RK): 319
Morgan Geekie,287.78,7,  KKUPFL ADP: 251.64  |  Steve Laidlaw: 320  |  Blake: 215  |  DOM (RK): 296
Anton Lundell,287.98,8,  KKUPFL ADP: 249.69  |  Elite Prospects Rank: 173  |  Steve Laidlaw: 335  |  Blake: 254  |  DOM (RK): 303
Andrew Mangiapane,289.26,8,  KKUPFL ADP: 250.5  |  Elite Prospects Rank: 195  |  Steve Laidlaw: 318  |  Blake: 228  |  DOM (RK): 307
Ivan Fedotov,289.77,4,  KKUPFL ADP: 250.33  |  DOM (RK): 294
Vladislav Gavrikov,290.0,4,  DOM (RK): 290
Gustav Nyquist,290.69,8,  KKUPFL ADP: 169.88  |  Elite Prospects Rank: 110  |  Steve Laidlaw: 171  |  Blake: 205  |  DOM (RK): 345
Fabian Zetterlund,292.31,8,  KKUPFL ADP: 177.42  |  Elite Prospects Rank: 158  |  Steve Laidlaw: 283  |  Blake: 171  |  DOM (RK): 333
Ryan Graves,293.0,4,  DOM (RK): 293
Mason Marchment,293.21,8,  KKUPFL ADP: 249.76  |  Elite Prospects Rank: 224  |  Steve Laidlaw: 268  |  Blake: 237  |  DOM (RK): 314
Ryan Mcdonagh,293.71,5,  Steve Laidlaw: 235  |  DOM (RK): 300
Alex Killorn,293.91,8,  KKUPFL ADP: 248.79  |  Elite Prospects Rank: 201  |  Steve Laidlaw: 270  |  Blake: 203  |  DOM (RK): 321
Anthony Cirelli,294.7,7,  Elite Prospects Rank: 207  |  Steve Laidlaw: 287  |  Blake: 238  |  DOM (RK): 311
Alexandre Carrier,295.0,3,  Steve Laidlaw: 295
Alex Carrier,295.0,2,  DOM (RK): 295
David Rittich,297.0,4,  DOM (RK): 297
Artem Zub,297.61,5,  Steve Laidlaw: 238  |  DOM (RK): 304
Cody Ceci,298.0,4,  DOM (RK): 298
Morgan Frost,298.48,8,  KKUPFL ADP: 249.05  |  Elite Prospects Rank: 151  |  Steve Laidlaw: 278  |  Blake: 175  |  DOM (RK): 335
Samuel Girard,298.97,6,  Steve Laidlaw: 204  |  Blake: 291  |  DOM (RK): 310
Simon Edvinsson,300.61,6,  KKUPFL ADP: 252.95  |  Steve Laidlaw: 214  |  DOM (RK): 315
Adam Pelech,301.0,4,  DOM (RK): 301
Sean Monahan,301.33,8,  KKUPFL ADP: 212.69  |  Elite Prospects Rank: 140  |  Steve Laidlaw: 210  |  Blake: 179  |  DOM (RK): 351
Nino Niederreiter,302.03,7,  Elite Prospects Rank: 264  |  Steve Laidlaw: 317  |  Blake: 232  |  DOM (RK): 312
Joonas Korpisalo,302.37,5,  KKUPFL ADP: 249.81  |  DOM (RK): 308
Tyler Myers,304.0,5,  Steve Laidlaw: 220  |  DOM (RK): 313
Daniil ,305.0,2,  DOM (RK): 305
Calvin Pickard,306.0,3,  DOM (RK): 306
Anders Lee,306.9,8,  KKUPFL ADP: 252.71  |  Elite Prospects Rank: 220  |  Steve Laidlaw: 222  |  Blake: 196  |  DOM (RK): 343
David Perron,307.91,8,  KKUPFL ADP: 250.07  |  Elite Prospects Rank: 197  |  Steve Laidlaw: 296  |  Blake: 245  |  DOM (RK): 334
Jt Compher,308.0,1,  Steve Laidlaw: 308
Jonathan Drouin,308.99,8,  KKUPFL ADP: 185.93  |  Elite Prospects Rank: 121  |  Steve Laidlaw: 274  |  Blake: 235  |  DOM (RK): 354
David Savard,309.0,4,  DOM (RK): 309
Jacob Middleton,309.52,5,  Steve Laidlaw: 249  |  DOM (RK): 316
Casey Mittelstadt,310.29,8,  KKUPFL ADP: 216.6  |  Elite Prospects Rank: 107  |  Steve Laidlaw: 306  |  Blake: 241  |  DOM (RK): 350
Jake Allen,311.53,5,  KKUPFL ADP: 251.12  |  DOM (RK): 318
Logan Stankoven,312.3,7,  KKUPFL ADP: 202.71  |  Elite Prospects Rank: 156  |  Steve Laidlaw: 280  |  Blake: 212  |  DOM (RK): 355
Mikey Anderson,313.61,5,  Steve Laidlaw: 254  |  DOM (RK): 320
Jamie Drysdale,316.09,7,  KKUPFL ADP: 240.12  |  Elite Prospects Rank: 276  |  Blake: 293  |  DOM (RK): 331
Oliver Ekman-Larsson,316.41,7,  KKUPFL ADP: 229.02  |  Steve Laidlaw: 151  |  Blake: 265  |  DOM (RK): 349
William Borgen,317.0,2,  DOM (RK): 317
Cole Perfetti,317.25,8,  KKUPFL ADP: 240.95  |  Elite Prospects Rank: 169  |  Steve Laidlaw: 246  |  Blake: 214  |  DOM (RK): 360
Reilly Smith,317.83,8,  KKUPFL ADP: 248.12  |  Elite Prospects Rank: 256  |  Steve Laidlaw: 315  |  Blake: 236  |  DOM (RK): 341
Brandon Carlo,318.81,5,  Steve Laidlaw: 261  |  DOM (RK): 325
J.T. Compher,318.85,7,  KKUPFL ADP: 252.76  |  Elite Prospects Rank: 180  |  Blake: 261  |  DOM (RK): 347
Philip Broberg,319.79,5,  KKUPFL ADP: 252.5  |  DOM (RK): 327
Brenden Dillon,319.84,5,  Steve Laidlaw: 225  |  DOM (RK): 330
Nicolas Hague,320.16,5,  Steve Laidlaw: 247  |  DOM (RK): 328
Martin Fehervary,322.0,4,  DOM (RK): 322
Taylor Hall,322.2,8,  KKUPFL ADP: 243.36  |  Elite Prospects Rank: 178  |  Steve Laidlaw: 307  |  Blake: 189  |  DOM (RK): 362
Valeri Nichushkin,323.01,7,  KKUPFL ADP: 152.46  |  Elite Prospects Rank: 239  |  Steve Laidlaw: 111  |  DOM (RK): 373
Mikael Backlund,323.18,6,  Steve Laidlaw: 362  |  Blake: 230  |  DOM (RK): 329
Erik Gudbranson,324.0,4,  DOM (RK): 324
Josh Norris,326.89,8,  KKUPFL ADP: 189.26  |  Elite Prospects Rank: 196  |  Steve Laidlaw: 168  |  Blake: 156  |  DOM (RK): 391
Connor Clifton,327.19,5,  Steve Laidlaw: 245  |  DOM (RK): 336
Evander Kane,328.8,7,  KKUPFL ADP: 181.5  |  Elite Prospects Rank: 226  |  Steve Laidlaw: 129  |  DOM (RK): 377
Chandler Stephenson,332.03,8,  KKUPFL ADP: 248.69  |  Elite Prospects Rank: 152  |  Steve Laidlaw: 333  |  Blake: 240  |  DOM (RK): 370
Daniel Sprong,332.62,8,  KKUPFL ADP: 251.31  |  Elite Prospects Rank: 186  |  Steve Laidlaw: 313  |  Blake: 194  |  DOM (RK): 374
Janis Moser,337.0,3,  DOM (RK): 337
Jani Hakanpaa,338.0,4,  DOM (RK): 338
Alex Holtz,339.0,2,  DOM (RK): 339
Darren Raddysh,339.91,6,  Elite Prospects Rank: 244  |  Steve Laidlaw: 211  |  DOM (RK): 364
Dante Fabbro,340.0,4,  DOM (RK): 340
Simon Nemec,340.09,5,  KKUPFL ADP: 251.74  |  Steve Laidlaw: 252  |  DOM (RK): 359
Adam Boqvist,341.35,5,  Blake: 298  |  DOM (RK): 346
Niko Mikkola,342.0,5,  Steve Laidlaw: 286  |  DOM (RK): 348
Trent Frederic,342.0,4,  DOM (RK): 342
Evan Rodrigues,342.33,8,  KKUPFL ADP: 245.4  |  Elite Prospects Rank: 241  |  Steve Laidlaw: 288  |  Blake: 206  |  DOM (RK): 384
Carson Soucy,343.71,5,  Steve Laidlaw: 257  |  DOM (RK): 353
Rasmus Sandin,343.77,5,  Steve Laidlaw: 183  |  DOM (RK): 361
Alex Vlasic,344.0,4,  DOM (RK): 344
Adam Henrique,346.85,8,  KKUPFL ADP: 247.05  |  Elite Prospects Rank: 225  |  Steve Laidlaw: 310  |  Blake: 296  |  DOM (RK): 380
Matt Dumba,347.39,5,  Steve Laidlaw: 267  |  DOM (RK): 356
Henry Thrun,349.43,7,  KKUPFL ADP: 252.31  |  Steve Laidlaw: 219  |  Blake: 301  |  DOM (RK): 379
Luke Schenn,350.39,5,  Steve Laidlaw: 186  |  DOM (RK): 368
Spencer Knight,352.0,3,  DOM (RK): 352
Arturs Silovs,352.27,5,  KKUPFL ADP: 252.1  |  DOM (RK): 363
Ty Emberson,352.9,4,  Steve Laidlaw: 240  |  DOM (RK): 365
Will Smith,353.98,6,  KKUPFL ADP: 235.1  |  Elite Prospects Rank: 270  |  Steve Laidlaw: 337  |  Blake: 247  |  DOM (RK): 389
Jordan Spence,355.08,6,  KKUPFL ADP: 252.21  |  Steve Laidlaw: 244  |  DOM (RK): 378
Marco Rossi,356.35,8,  KKUPFL ADP: 235.31  |  Elite Prospects Rank: 144  |  Steve Laidlaw: 297  |  Blake: 239  |  DOM (RK): 411
John Marino,357.0,4,  DOM (RK): 357
Dakota Joshua,357.27,7,  KKUPFL ADP: 240.02  |  Steve Laidlaw: 332  |  Blake: 213  |  DOM (RK): 388
Connor Murphy,357.71,5,  Steve Laidlaw: 271  |  DOM (RK): 367
Dmitry Kulikov,358.0,4,  DOM (RK): 358
Bobby Mcmann,359.9,7,  KKUPFL ADP: 252.48  |  Steve Laidlaw: 341  |  Blake: 252  |  DOM (RK): 385
Dmitri Voronkov,360.89,6,  Elite Prospects Rank: 248  |  Steve Laidlaw: 303  |  Blake: 260  |  DOM (RK): 390
Ross Colton,361.87,8,  KKUPFL ADP: 252.24  |  Elite Prospects Rank: 274  |  Steve Laidlaw: 309  |  Blake: 219  |  DOM (RK): 404
Warren Foegele,361.97,6,  Steve Laidlaw: 350  |  Blake: 243  |  DOM (RK): 376
Dylan Samberg,366.0,4,  DOM (RK): 366
Rasmus Ristolainen,367.29,5,  Steve Laidlaw: 230  |  DOM (RK): 382
Josh Doan,369.0,5,  KKUPFL ADP: 247.95  |  Steve Laidlaw: 322  |  DOM (RK): 387
Nick Jensen,369.0,4,  DOM (RK): 369
Nick Perbix,371.0,4,  DOM (RK): 371
Ilya Lyubushkin,372.0,4,  DOM (RK): 372
Sean Couturier,373.61,7,  KKUPFL ADP: 242.5  |  Elite Prospects Rank: 198  |  Steve Laidlaw: 264  |  Blake: 161  |  DOM (RK): 441
Ryan Lindgren,375.0,4,  DOM (RK): 375
Brandon Saad,375.89,7,  Elite Prospects Rank: 235  |  Steve Laidlaw: 360  |  Blake: 289  |  DOM (RK): 402
Jesperi Kotkaniemi,376.68,6,  Elite Prospects Rank: 230  |  Blake: 231  |  DOM (RK): 408
Luke Evangelista,376.78,8,  KKUPFL ADP: 252.69  |  Elite Prospects Rank: 136  |  Steve Laidlaw: 334  |  Blake: 269  |  DOM (RK): 432
Zach Benson,377.76,7,  KKUPFL ADP: 245.76  |  Elite Prospects Rank: 153  |  Steve Laidlaw: 340  |  Blake: 294  |  DOM (RK): 429
Kevin Korchinski,379.04,6,  KKUPFL ADP: 252.55  |  Steve Laidlaw: 191  |  Blake: 302  |  DOM (RK): 421
Philipp Kurashev,379.29,7,  KKUPFL ADP: 230.88  |  Steve Laidlaw: 323  |  Blake: 204  |  DOM (RK): 420
Mattias Samuelsson,381.0,4,  DOM (RK): 381
Martin Pospisil,381.38,6,  KKUPFL ADP: 251.02  |  Steve Laidlaw: 292  |  Blake: 166  |  DOM (RK): 428
Cutter Gauthier,382.65,7,  KKUPFL ADP: 228.67  |  Elite Prospects Rank: 273  |  Steve Laidlaw: 298  |  Blake: 233  |  DOM (RK): 436
Zach Whitecloud,383.0,4,  DOM (RK): 383
Yanni Gourde,384.56,6,  Elite Prospects Rank: 251  |  Steve Laidlaw: 290  |  DOM (RK): 409
Ian Cole,385.29,5,  Steve Laidlaw: 304  |  DOM (RK): 394
Michael Kesselring,386.0,4,  DOM (RK): 386
Scott Laughton,386.71,7,  KKUPFL ADP: 250.07  |  Steve Laidlaw: 285  |  Blake: 249  |  DOM (RK): 427
Nick Leddy,387.0,5,  Blake: 303  |  DOM (RK): 396
Connor Mcmichael,390.09,6,  Elite Prospects Rank: 216  |  Blake: 257  |  DOM (RK): 423
Simon Benoit,390.98,5,  KKUPFL ADP: 250.81  |  DOM (RK): 406
Tj Brodie,392.0,2,  DOM (RK): 392
Scott Wedgewood,393.0,4,  DOM (RK): 393
Filip Chytil,394.44,8,  KKUPFL ADP: 252.93  |  Elite Prospects Rank: 232  |  Steve Laidlaw: 343  |  Blake: 250  |  DOM (RK): 448
Shane Wright,394.89,6,  KKUPFL ADP: 246.81  |  Blake: 290  |  DOM (RK): 422
Jonathan Quick,395.0,4,  DOM (RK): 395
Adam Lowry,395.35,6,  Steve Laidlaw: 328  |  Blake: 270  |  DOM (RK): 416
Jason Zucker,395.69,7,  KKUPFL ADP: 250.79  |  Elite Prospects Rank: 260  |  Blake: 244  |  DOM (RK): 442
Alec Martinez,397.0,4,  DOM (RK): 397
Alex Newhook,397.27,8,  KKUPFL ADP: 252.98  |  Elite Prospects Rank: 176  |  Steve Laidlaw: 348  |  Blake: 292  |  DOM (RK): 453
Jonas Siegenthaler,398.0,4,  DOM (RK): 398
Jalen Chatfield,399.0,4,  DOM (RK): 399
Jack Roslovic,399.09,6,  Elite Prospects Rank: 267  |  Blake: 280  |  DOM (RK): 426
Scott Mayfield,400.0,4,  DOM (RK): 400
Michael Rasmussen,400.42,5,  Steve Laidlaw: 339  |  DOM (RK): 407
Andrew Peeke,401.0,4,  DOM (RK): 401
Ondrej Palat,402.03,8,  KKUPFL ADP: 249.1  |  Elite Prospects Rank: 255  |  Steve Laidlaw: 319  |  Blake: 272  |  DOM (RK): 457
Jonas Johansson,403.0,4,  DOM (RK): 403
Max Domi,403.14,8,  KKUPFL ADP: 251.57  |  Elite Prospects Rank: 191  |  Steve Laidlaw: 345  |  Blake: 285  |  DOM (RK): 461
Nils Hoglander,403.48,5,  Blake: 268  |  DOM (RK): 418
Pavel Dorofeyev,403.59,7,  Elite Prospects Rank: 222  |  Steve Laidlaw: 336  |  Blake: 229  |  DOM (RK): 449
Arber Xhekaj,403.77,5,  Steve Laidlaw: 215  |  DOM (RK): 424
Jackson Lacombe,405.0,4,  DOM (RK): 405
Nick Paul,407.58,5,  Steve Laidlaw: 301  |  DOM (RK): 419
Nicolas Roy,407.88,6,  Elite Prospects Rank: 245  |  Steve Laidlaw: 327  |  DOM (RK): 434
Yegor Chinakhov,409.46,6,  KKUPFL ADP: 251.9  |  Blake: 226  |  DOM (RK): 446
Erik Brannstrom,410.0,4,  DOM (RK): 410
Thomas Novak,412.0,4,  DOM (RK): 412
Justin Barron,413.0,4,  DOM (RK): 413
Nick Bjugstad,413.31,6,  KKUPFL ADP: 252.55  |  Steve Laidlaw: 325  |  DOM (RK): 440
Connor Zary,413.62,5,  Elite Prospects Rank: 204  |  Steve Laidlaw: 349  |  DOM (RK): 443
Danton Heinen,414.0,4,  DOM (RK): 414
Kaapo Kahkonen,415.0,4,  DOM (RK): 415
Jean-Gabriel Pageau,417.0,4,  DOM (RK): 417
Cole Sillinger,418.51,6,  KKUPFL ADP: 252.76  |  Elite Prospects Rank: 253  |  DOM (RK): 454
Dylan Holloway,419.08,5,  KKUPFL ADP: 251.81  |  DOM (RK): 437
Stefan Noesen,419.27,6,  KKUPFL ADP: 252.38  |  Steve Laidlaw: 346  |  DOM (RK): 445
Andre Burakovsky,419.94,8,  KKUPFL ADP: 250.21  |  Elite Prospects Rank: 185  |  Steve Laidlaw: 284  |  Blake: 176  |  DOM (RK): 504
Rutger Mcgroarty,420.0,3,  KKUPFL ADP: 252.05  |  DOM (RK): 438
Kevin Bahl,420.35,5,  Steve Laidlaw: 321  |  DOM (RK): 431
Mike Reilly,422.21,6,  Steve Laidlaw: 200  |  Blake: 273  |  DOM (RK): 462
Brett Kulak,425.0,4,  DOM (RK): 425
Henri Jokiharju,430.0,4,  DOM (RK): 430
Daniil Miromanov,431.71,6,  KKUPFL ADP: 251.43  |  Blake: 264  |  DOM (RK): 469
Erik Haula,432.8,6,  KKUPFL ADP: 251.05  |  Steve Laidlaw: 314  |  DOM (RK): 465
Travis Hamonic,433.0,4,  DOM (RK): 433
Mason Lohrei,434.32,4,  Steve Laidlaw: 232  |  DOM (RK): 456
Juuso Valimaki,434.55,5,  Steve Laidlaw: 281  |  DOM (RK): 451
Jacob Bernard-Docker,435.0,4,  DOM (RK): 435
Nick Foligno,435.89,6,  KKUPFL ADP: 252.79  |  Steve Laidlaw: 282  |  DOM (RK): 472
Anthony Mantha,437.84,5,  Elite Prospects Rank: 231  |  DOM (RK): 460
Jan Rutta,439.0,4,  DOM (RK): 439
Drew O'Connor,441.0,5,  Steve Laidlaw: 357  |  DOM (RK): 450
Nate Schmidt,442.9,5,  Steve Laidlaw: 218  |  DOM (RK): 467
Brian Dumoulin,444.0,4,  DOM (RK): 444
Jason Dickinson,444.76,6,  Steve Laidlaw: 352  |  Blake: 274  |  DOM (RK): 473
Tanner Jeannot,446.81,6,  KKUPFL ADP: 252.5  |  Steve Laidlaw: 294  |  DOM (RK): 484
Eetu Luostarinen,447.0,4,  DOM (RK): 447
Kirby Dach,450.62,8,  KKUPFL ADP: 230.62  |  Elite Prospects Rank: 163  |  Steve Laidlaw: 279  |  Blake: 221  |  DOM (RK): 548
Kaapo Kakko,451.45,5,  Elite Prospects Rank: 269  |  DOM (RK): 471
Trevor Van Riemsdyk,452.0,4,  DOM (RK): 452
Mathieu Joseph,452.55,5,  KKUPFL ADP: 252.33  |  DOM (RK): 474
Scott Perunovich,453.84,5,  KKUPFL ADP: 252.57  |  Blake: 299  |  DOM (RK): 492
Victor Olofsson,454.44,6,  Elite Prospects Rank: 202  |  Steve Laidlaw: 347  |  DOM (RK): 493
Matt Grzelcyk,455.0,4,  DOM (RK): 455
Jaden Schwartz,457.11,7,  Elite Prospects Rank: 243  |  Steve Laidlaw: 305  |  Blake: 255  |  DOM (RK): 518
Ryan Strome,457.32,6,  Elite Prospects Rank: 177  |  Steve Laidlaw: 330  |  DOM (RK): 501
Calvin De Haan,458.0,4,  DOM (RK): 458
Barrett Hayton,458.64,8,  KKUPFL ADP: 251.9  |  Elite Prospects Rank: 168  |  Steve Laidlaw: 344  |  Blake: 246  |  DOM (RK): 547
Zach Bogosian,459.0,4,  DOM (RK): 459
Garnet Hathaway,462.55,5,  KKUPFL ADP: 252.98  |  DOM (RK): 485
Colin Miller,463.0,4,  DOM (RK): 463
Ridly Greig,463.23,5,  Blake: 288  |  DOM (RK): 482
Vladislav Namestnikov,463.94,5,  Blake: 286  |  DOM (RK): 483
Jordan Harris,464.0,4,  DOM (RK): 464
Cam Atkinson,465.29,5,  Steve Laidlaw: 265  |  Blake: 211  |  DOM (RK): 514
David Jiricek,465.74,5,  Steve Laidlaw: 258  |  DOM (RK): 488
Ryan Suter,466.0,4,  DOM (RK): 466
Logan O'Connor,468.0,4,  DOM (RK): 468
Joel Edmundson,468.9,5,  Steve Laidlaw: 300  |  DOM (RK): 487
Alex Laferriere,469.65,5,  Steve Laidlaw: 338  |  Blake: 234  |  DOM (RK): 509
Olli Maatta,470.0,4,  DOM (RK): 470
Jordan Greenway,471.27,6,  KKUPFL ADP: 250.02  |  Steve Laidlaw: 331  |  DOM (RK): 510
Andrew Copp,471.68,5,  Elite Prospects Rank: 254  |  DOM (RK): 495
Jordan Staal,472.15,6,  Elite Prospects Rank: 266  |  Steve Laidlaw: 353  |  DOM (RK): 507
Kent Johnson,472.56,8,  KKUPFL ADP: 252.12  |  Elite Prospects Rank: 238  |  Steve Laidlaw: 329  |  Blake: 283  |  DOM (RK): 557
Ryker Evans,474.03,4,  Steve Laidlaw: 269  |  DOM (RK): 496
Marcus Foligno,474.06,5,  Steve Laidlaw: 316  |  DOM (RK): 491
Marc-Edouard Vlasic,475.0,4,  DOM (RK): 475
Nicholas Robertson,476.0,3,  DOM (RK): 476
Derek Forbort,477.0,4,  DOM (RK): 477
Miles Wood,477.52,5,  Steve Laidlaw: 361  |  DOM (RK): 490
Jake Bean,478.0,4,  DOM (RK): 478
Vincent Desharnais,479.0,4,  DOM (RK): 479
Nils Lundkvist,480.0,4,  DOM (RK): 480
Alex Kerfoot,480.94,5,  Elite Prospects Rank: 275  |  DOM (RK): 503
Brayden Pachal,481.0,4,  DOM (RK): 481
Kevin Hayes,483.81,5,  Elite Prospects Rank: 258  |  DOM (RK): 508
Brendan Smith,486.0,4,  DOM (RK): 486
Will Cuylle,486.94,6,  Steve Laidlaw: 359  |  Blake: 297  |  DOM (RK): 521
Alex Iafallo,489.0,4,  DOM (RK): 489
Logan Stanley,494.0,4,  DOM (RK): 494
William Carrier,495.9,5,  Steve Laidlaw: 355  |  DOM (RK): 511
Zachary Bolduc,497.0,3,  DOM (RK): 497
Johnathan Kovacevic,498.0,2,  DOM (RK): 498
Jordan Martinook,499.0,4,  DOM (RK): 499
Pierre-Olivier Joseph,500.0,4,  DOM (RK): 500
Brendan Gallagher,502.0,4,  DOM (RK): 502
Matthew Kessel,505.0,2,  DOM (RK): 505
Michael Eyssimont,506.0,3,  DOM (RK): 506
Beck Malenstyn,507.94,5,  Steve Laidlaw: 358  |  DOM (RK): 524
Gabriel Landeskog,510.09,4,  KKUPFL ADP: 185.33  |  Steve Laidlaw: 89  |  DOM (RK): 590
Bobby Brink,511.0,4,  Blake: 287  |  DOM (RK): 535
Ilya Mikheyev,511.87,5,  Elite Prospects Rank: 268  |  DOM (RK): 538
Parker Wotherspoon,512.0,4,  DOM (RK): 512
Kaedan Korczak,513.0,4,  DOM (RK): 513
Valtteri Puustinen,515.0,3,  DOM (RK): 515
Marcus Johansson,515.87,5,  Blake: 300  |  DOM (RK): 539
Matt Benning,516.0,4,  DOM (RK): 516
Keegan Kolesar,517.0,4,  DOM (RK): 517
Brandon Tanev,518.39,5,  Steve Laidlaw: 354  |  DOM (RK): 536
Conor Timmins,519.0,4,  DOM (RK): 519
Haydn Fleury,520.0,4,  DOM (RK): 520
Alex Wennberg,521.16,3,  Elite Prospects Rank: 252  |  DOM (RK): 550
Spencer Stastney,522.0,4,  DOM (RK): 522
Mason Appleton,523.0,4,  DOM (RK): 523
Nic Dowd,525.0,4,  DOM (RK): 525
Josh Anderson,526.0,4,  DOM (RK): 526
Justin Holl,527.0,4,  DOM (RK): 527
Egor Zamula,528.0,4,  DOM (RK): 528
Jack St. Ivany,529.0,3,  DOM (RK): 529
Declan Chisholm,530.0,3,  DOM (RK): 530
Joe Veleno,531.0,4,  DOM (RK): 531
Arthur Kaliyev,532.0,4,  DOM (RK): 532
Colton Sissons,532.58,5,  Steve Laidlaw: 342  |  DOM (RK): 553
Tye Kartye,532.81,4,  Steve Laidlaw: 363  |  DOM (RK): 551
Justin Brazeau,533.0,3,  DOM (RK): 533
Wyatt Kaiser,534.0,4,  DOM (RK): 534
Victor Soderstrom,537.0,4,  DOM (RK): 537
Anthony Beauvillier,537.58,5,  Elite Prospects Rank: 263  |  DOM (RK): 567
Ryan Donato,540.0,4,  DOM (RK): 540
Yakov Trenin,541.0,4,  DOM (RK): 541
Michael Pezzetta,542.0,4,  DOM (RK): 542
Kiefer Sherwood,542.48,5,  Steve Laidlaw: 351  |  DOM (RK): 563
Evgeny Dadonov,543.0,2,  DOM (RK): 543
Ryan Poehling,544.0,4,  DOM (RK): 544
Alex Texier,545.0,2,  DOM (RK): 545
Zac Jones,546.0,4,  DOM (RK): 546
Samuel Bolduc,549.0,4,  DOM (RK): 549
Maxim Tsyplakov,550.05,3,  KKUPFL ADP: 251.88  |  DOM (RK): 582
Carl Grundstrom,552.0,4,  DOM (RK): 552
Ryan Mcleod,554.0,4,  DOM (RK): 554
Nick Desimone,555.0,4,  DOM (RK): 555
Aliaksei Protas,556.0,3,  DOM (RK): 556
Jonatan Berggren,557.42,5,  Steve Laidlaw: 356  |  DOM (RK): 579
Noah Cates,558.0,4,  DOM (RK): 558
Michael Amadio,559.0,4,  DOM (RK): 559
Cole Smith,560.0,4,  DOM (RK): 560
Jack Johnson,561.0,4,  DOM (RK): 561
Pius Suter,562.0,4,  DOM (RK): 562
Mavrik Bourque,562.78,4,  KKUPFL ADP: 252.76  |  DOM (RK): 596
Jack Mcbain,564.0,4,  DOM (RK): 564
Michael Mccarron,565.0,4,  DOM (RK): 565
Lukas Reichel,565.74,5,  Elite Prospects Rank: 218  |  DOM (RK): 603
Philip Tomasino,566.0,4,  DOM (RK): 566
Casey Cizikas,568.0,4,  DOM (RK): 568
Tomas Tatar,569.0,4,  DOM (RK): 569
Kasperi Kapanen,570.0,4,  DOM (RK): 570
Lars Eller,571.0,4,  DOM (RK): 571
Pierre Engvall,572.0,4,  DOM (RK): 572
Santeri Hatakka,573.0,3,  DOM (RK): 573
Justin Danforth,574.0,4,  DOM (RK): 574
Calle Jarnkrok,575.0,4,  DOM (RK): 575
Bradly Nadeau,576.0,3,  DOM (RK): 576
Jimmy Vesey,577.0,4,  DOM (RK): 577
Matthew Poitras,578.0,3,  DOM (RK): 578
Robby Fabbri,580.0,4,  DOM (RK): 580
Sean Kuraly,581.0,4,  DOM (RK): 581
Brandon Duhaime,583.0,4,  DOM (RK): 583
Joshua Roy,584.0,3,  DOM (RK): 584
Sonny Milano,585.0,4,  DOM (RK): 585
Christian Fischer,586.0,4,  DOM (RK): 586
Joel Armia,587.0,4,  DOM (RK): 587
Curtis Lazar,588.0,4,  DOM (RK): 588
Brett Leason,589.0,4,  DOM (RK): 589
Simon Holmstrom,591.0,4,  DOM (RK): 591
Jake Evans,592.0,4,  DOM (RK): 592
Nathan Bastian,593.0,4,  DOM (RK): 593
Cody Glass,594.0,4,  DOM (RK): 594
Barclay Goodrow,595.0,4,  DOM (RK): 595
Sam Lafferty,597.0,4,  DOM (RK): 597
Jesper Fast,598.0,4,  DOM (RK): 598
Blake Lizotte,599.0,4,  DOM (RK): 599
Jack Drury,600.0,4,  DOM (RK): 600
Juuso Parssinen,601.0,4,  DOM (RK): 601
Vasily Podkolzin,602.0,4,  DOM (RK): 602
Noah Gregor,604.0,4,  DOM (RK): 604
Frederick Gaudreau,605.0,4,  DOM (RK): 605
Parker Kelly,606.0,4,  DOM (RK): 606
Teddy Blueger,607.0,4,  DOM (RK): 607
Luke Kunin,608.0,4,  DOM (RK): 608
Corey Perry,609.0,4,  DOM (RK): 609
Paul Cotter,610.0,4,  DOM (RK): 610
Tyler Motte,611.0,4,  DOM (RK): 611
Nicolas Aube-Kubel,612.0,4,  DOM (RK): 612
Jesper Boqvist,613.0,4,  DOM (RK): 613
Conor Sheary,614.0,4,  DOM (RK): 614
Brett Howden,615.0,4,  DOM (RK): 615
Pontus Holmberg,616.0,4,  DOM (RK): 616
Connor Dewar,617.0,4,  DOM (RK): 617
Joey Anderson,618.0,4,  DOM (RK): 618
Noel Acciari,619.0,4,  DOM (RK): 619
Hendrix Lapierre,620.0,3,  DOM (RK): 620
Sam Steel,621.0,4,  DOM (RK): 621
Michael Carcone,622.0,4,  DOM (RK): 622
Mathieu Olivier,623.0,4,  DOM (RK): 623
Andreas Athanasiou,624.0,4,  DOM (RK): 624
Nico Sturm,625.0,4,  DOM (RK): 625
Radek Faksa,626.0,4,  DOM (RK): 626
Zemgus Girgensons,627.0,4,  DOM (RK): 627
Mark Kastelic,628.0,4,  DOM (RK): 628
Morgan Barron,629.0,4,  DOM (RK): 629
David Kampf,630.0,4,  DOM (RK): 630
Rafael Harvey-Pinard,631.0,4,  DOM (RK): 631
Oskar Sundqvist,632.0,4,  DOM (RK): 632
Brendan Brisson,633.0,3,  DOM (RK): 633
Thomas Bordeleau,634.0,4,  DOM (RK): 634
Ivan Miroshnichenko,635.0,3,  DOM (RK): 635
Hudson Fasching,636.0,4,  DOM (RK): 636
Ryan Lomberg,637.0,4,  DOM (RK): 637
A.J. Greer,638.0,4,  DOM (RK): 638
Isac Lundestrom,639.0,4,  DOM (RK): 639
Matt Coronato,640.0,2,  DOM (RK): 640
Mitchell Chaffee,641.0,3,  DOM (RK): 641
Christian Dvorak,642.0,4,  DOM (RK): 642
Colin Blackwell,643.0,4,  DOM (RK): 643
Brock Mcginn,644.0,4,  DOM (RK): 644
Kyle Maclean,645.0,3,  DOM (RK): 645
John Beecher,646.0,3,  DOM (RK): 646
Max Jones,647.0,4,  DOM (RK): 647
Alex Turcotte,648.0,4,  DOM (RK): 648
Ty Dellandrea,649.0,4,  DOM (RK): 649
Connor Brown,650.0,4,  DOM (RK): 650
Jakub Lauko,651.0,4,  DOM (RK): 651
Luke Glendening,652.0,4,  DOM (RK): 652
Patrick Maroon,653.0,4,  DOM (RK): 653
Tomas Nosek,654.0,4,  DOM (RK): 654
Mark Jankowski,655.0,4,  DOM (RK): 655
Jonny Brodzinski,656.0,4,  DOM (RK): 656
Derek Ryan,657.0,4,  DOM (RK): 657
Joel Kiviranta,658.0,4,  DOM (RK): 658
Mattias Janmark,659.0,4,  DOM (RK): 659
Kevin Rooney,660.0,4,  DOM (RK): 660
Jonah Gadjovich,661.0,4,  DOM (RK): 661
David Gustafsson,662.0,4,  DOM (RK): 662
Zack Macewen,663.0,4,  DOM (RK): 663
Matt Rempe,664.0,3,  DOM (RK): 664
Matt Murray,nan,3,
Louis Domingue,nan,1,
Nikita Chibrikov,nan,1,
Marc Mclaughlin,nan,2,
Jesper Wallstedt,nan,1,
Chris Driedger,nan,1,
Jet Greaves,nan,2,
Luca Del Bel Belluz,nan,1,
Michael Hutchinson,nan,2,
James Reimer,nan,2,
Carter Hart,nan,2,
Malcolm Subban,nan,1,
Martin Jones,nan,2,
Kevin Lankinen,nan,2,
Hunter Shepard,nan,1,
Matt Tomkins,nan,1,
Logan Mailloux,nan,1,
Joe Pavelski,nan,2,
Brad Lambert,nan,1,
Magnus Hellberg,nan,2,
Nico Daws,nan,1,
Vasily Ponomarev,nan,1,
Casey Desmith,nan,2,
Vitek Vanecek,nan,2,
Ruslan Iskhakov,nan,1,
Jiri Patera,nan,2,
Vladislav Kolyachonok,nan,2,
Spencer Martin,nan,2,
John-Jason Peterka,nan,2,
Alexander Nylander,nan,2,
Georgi Romanov,nan,1,
Ivan Prosvetov,nan,2,
T.J. Oshie,nan,2,
Akira Schmid,nan,2,
Akil Thomas,nan,1,
Aku Raty,nan,1,
Max Comtois,nan,2,
Justin Dowling,nan,1,
Danil Gushchin,nan,2,
Pheonix Copley,nan,2,
Dylan Coghlan,nan,2,
Michael Mcleod,nan,2,
Nikita Nesterenko,nan,2,
Sam Colangelo,nan,1,
Mason Morelli,nan,1,
Antti Raanta,nan,2,
Devin Cooley,nan,1,
James Van Riemsdyk,nan,2,
Tyler Johnson,nan,2,
Liam Ohgren,nan,1,
James Malatesta,nan,1,
Lukas Cormier,nan,1,
Tristan Luneau,nan,1,
Arvid Soderblom,nan,2,
Kevin Shattenkirk,nan,2,
Ilya Solovyov,nan,1,
Sam Malinski,nan,1,
Riley Tufte,nan,2,
Jack Campbell,nan,2,
Julien Gauthier,nan,2,
Louis Belpedio,nan,1,
Evgenii Dadonov,nan,2,
Zach Parise,nan,2,
Sam Gagner,nan,2,
Kyle Okposo,nan,2,
Tyson Barrie,nan,2,
Marc Del Gaizo,nan,1,
Kyle Burroughs,nan,2,
Robert Hagg,nan,2,
Justin Schultz,nan,2,
Milan Lucic,nan,2,
Filip Zadina,nan,2,
Cal Petersen,nan,2,
Jarred Tinordi,nan,2,
J.J. Moser,nan,1,
Alexei Toropchenko,nan,2,
Blake Wheeler,nan,2,
Mark Giordano,nan,2,
Egor Afanasyev,nan,2,
Travis Boyd,nan,2,
Nathan Walker,nan,2,
Oskar Olausson,nan,2,
Anthony Richard,nan,2,
Eric Comrie,nan,2,
Oliver Kylington,nan,1,
Alexandre Texier,nan,1,
Nikita Okhotyuk,nan,2,
T.J. Brodie,nan,2,
Josh Brown,nan,2,
Alexander Wennberg,nan,2,
Jacob Macdonald,nan,2,
Cole Guttman,nan,2,
Angus Crookshank,nan,1,
Nikita Zaitsev,nan,2,
Trey Fix-Wolansky,nan,2,
Ben Hutton,nan,2,
Dryden Hunt,nan,2,
Sheldon Rempal,nan,2,
Cal Clutterbuck,nan,2,
Ryan Johansen,nan,2,
Emil Bemstrom,nan,2,
Nick Cousins,nan,2,
John Klingberg,nan,2,
Nolan Foote,nan,2,
Evgeny Kuznetsov,nan,2,
Jakub Vrana,nan,2,
Josh Mahura,nan,2,
Vinnie Hinostroza,nan,2,
Connor Mackey,nan,2,
Dennis Gilbert,nan,2,
Tony Deangelo,nan,2,
Dominic Toninato,nan,2,
Adam Klapka,nan,1,
Noah Juulsen,nan,2,
Nicolas Petan,nan,2,
Brandon Biro,nan,1,
Trevor Lewis,nan,2,
Emil Lilleberg,nan,1,
Sam Carrick,nan,2,
Tanner Pearson,nan,2,
Scott Morrow,nan,1,
Klim Kostin,nan,2,
Jeff Carter,nan,2,
Louis Crevier,nan,1,
Calen Addison,nan,2,
Gustav Lindstrom,nan,2,
Johnny Kovacevic,nan,2,
Mike Hoffman,nan,2,
Dylan Mcilrath,nan,2,
Craig Smith,nan,2,
Ronnie Attard,nan,2,
Erik Johnson,nan,2,
Liam O'Brien,nan,2,
Cal Foote,nan,2,
Collin Graf,nan,1,
Chris Wagner,nan,2,
Jesse Puljujarvi,nan,2,
Patrik Koch,nan,1,
Cameron Crotty,nan,1,
Frank Nazar,nan,1,
Alex Steeves,nan,2,
Taylor Raddysh,nan,2,
Alexander Barabanov,nan,2,
Jayden Struble,nan,1,
John Ludvig,nan,1,
Eric Robinson,nan,2,
Isaak Phillips,nan,2,
Matt Kessel,nan,2,
Alex Goligoski,nan,2,
Justin Bailey,nan,1,
Adam Edstrom,nan,1,
Oliver Wahlstrom,nan,2,
Nick Blankenburg,nan,2,
Dakota Mermis,nan,2,
Phil Di Giuseppe,nan,2,
Reese Johnson,nan,2,
Alex Barre-Boulet,nan,2,
Olle Lycksell,nan,2,
Cole Koepke,nan,2,
Boris Katchouk,nan,2,
Kevin Stenlund,nan,2,
Urho Vaakanainen,nan,2,
Mackenzie Entwistle,nan,2,
Logan Morrison,nan,1,
Troy Stecher,nan,2,
Max Willman,nan,2,
Matt Martin,nan,2,
Matthew Coronato,nan,2,
Ethan Bear,nan,2,
Kevin Labanc,nan,2,
Kailer Yamamoto,nan,2,
Brandon Gignac,nan,1,
Michael Sgarbossa,nan,1,
Caleb Jones,nan,2,
Tyler Tucker,nan,2,
Vinni Lettieri,nan,2,
Adam Ginning,nan,2,
Nikolai Knyzhov,nan,2,
Travis Dermott,nan,2,
Sammy Blais,nan,2,
Radim Zohorna,nan,2,
Brendan Gaunce,nan,2,
Ryan Reaves,nan,2,
Pavol Regenda,nan,2,
Jakob Silfverberg,nan,2,
Jaret Anderson-Dolan,nan,2,
Andrew Cogliano,nan,2,
Dominik Kubalik,nan,2,
Jaycob Megna,nan,2,
Jan Jenik,nan,2,
Hardy Haman-Aktell,nan,1,
Samuel Fagemo,nan,2,
Austin Watson,nan,2,
Max Crozier,nan,1,
Brendan Lemieux,nan,2,
Peyton Krebs,nan,2,
Tyler Pitlick,nan,2,
Brennan Othmann,nan,1,
Magnus Chrona,nan,1,
Andreas Englund,nan,2,
Landon Slaggert,nan,1,
William Lagesson,nan,1,
Jordan Oesterle,nan,2,
Mikael Pyyhtia,nan,2,
Carson Meyer,nan,2,
Mads Sogaard,nan,2,
Ryan Carpenter,nan,2,
Pierre-Edouard Bellemare,nan,2,
John Leonard,nan,2,
Calle Rosen,nan,2,
Jacob Bryson,nan,2,
Mason Shaw,nan,2,
Marc Staal,nan,2,
Alexander Alexeyev,nan,2,
Philippe Myers,nan,2,
Nick Bonino,nan,2,
Givani Smith,nan,2,
Mark Friedman,nan,2,
Tyson Jost,nan,2,
Jason Polin,nan,1,
Axel Jonsson-Fjallby,nan,2,
Marat Khusnutdinov,nan,1,
Zach Sanford,nan,2,
Jake Christiansen,nan,2,
Nicolas Deslauriers,nan,2,
Johnny Gruden,nan,2,
Joel Hanley,nan,2,
Lucas Johansen,nan,2,
Alex Petrovic,nan,1,
Jack Thompson,nan,1,
Scott Sabourin,nan,1,
Ryan Johnson,nan,1,
Jonas Rondbjerg,nan,2,
Walker Duehr,nan,2,
Chad Ruhwedel,nan,2,
Devin Shore,nan,2,
Dillon Dube,nan,2,
Maksymilian Szuber,nan,1,
Glenn Gawdin,nan,2,
Denis Gurianov,nan,2,
Yan Kuznetsov,nan,1,
Jon Merrill,nan,2,
Nicklas Backstrom,nan,2,
Gustav Olofsson,nan,2,
Robert Bortuzzo,nan,2,
Marco Scandella,nan,2,
Tyler Kleven,nan,2,
Uvis Balinskis,nan,1,
Benoit-Olivier Groulx,nan,2,
Adam Erne,nan,2,
Brett Seney,nan,2,
Adam Ruzicka,nan,2,
Jean-Luc Foudy,nan,2,
Nils Aman,nan,2,
Kale Clague,nan,2,
Roby Jarventie,nan,1,
Jesse Ylonen,nan,2,
Max Lajoie,nan,2,
Fredrik Olofsson,nan,2,
Daemon Hunt,nan,1,
Ian Mitchell,nan,2,
Jiri Smejkal,nan,1,
Adam Beckman,nan,2,
Oskar Steen,nan,2,
Matthew Highmore,nan,2,
Liam Foudy,nan,2,
Byron Froese,nan,2,
Matt Nieto,nan,2,
Waltteri Merela,nan,1,
Jack Studnicka,nan,2,
Steven Lorentz,nan,2,
Chris Tierney,nan,2,
Patrick Brown,nan,2,
Rem Pitlick,nan,2,
Tobias Bjornfot,nan,2,
Cale Fleury,nan,2,
Jujhar Khaira,nan,2,
Declan Carlile,nan,1,
Pierrick Dube,nan,1,
Samuel Poulin,nan,2,
Zack Ostapchuk,nan,1,
Rourke Chartier,nan,2,
Matthew Phillips,nan,2,
Milos Kelemen,nan,2,
William Lockwood,nan,2,
Ross Johnston,nan,2,
Derrick Pouliot,nan,2,
Jansen Harkins,nan,2,
Grigori Denisenko,nan,2,
Mackie Samoskevich,nan,1,
Ben Meyers,nan,2,
Mitchell Stephens,nan,1,
Zach Dean,nan,1,
Ryan Winterton,nan,1,
James Hamblin,nan,2,
Emil Andrae,nan,1,
Mackenzie Maceachern,nan,1,
Akito Hirose,nan,2,
Maxence Guenette,nan,2,
Bokondji Imama,nan,2,
Justin Kirkland,nan,2,
Nikita Alexandrov,nan,2,
Justin Sourdif,nan,1,
Marshall Rifai,nan,1,
Kurtis Macdermid,nan,2,
Hugh Mcging,nan,2,
Rasmus Kupari,nan,2,
Jacob Moverare,nan,2,
Jake Lucchini,nan,2,
Georgi Merkulov,nan,1,
Filip Roos,nan,2,
Ryan Shea,nan,1,
Jackson Blake,nan,1,
John Hayden,nan,2,
Tyler Angle,nan,2,
Ondrej Pavel,nan,1,
Vincent Iorio,nan,2,
Brett Murray,nan,1,
Linus Karlsson,nan,1,
Lucas Condotta,nan,2,
Joona Koppanen,nan,2,
Jacob Peterson,nan,2,
Austin Czarnik,nan,2,
Oskar Lindblom,nan,2,
Raphael Lavoie,nan,1,
Marian Studenic,nan,2,
Adam Gaudette,nan,1,
Grant Hutton,nan,1,
Brian Halonen,nan,1,
Riley Nash,nan,1,
Jiri Kulich,nan,1,
Lukas Rousek,nan,2,
Nikolas Matinpalo,nan,1,
Fraser Minten,nan,1,
Graeme Clarke,nan,1,
Callahan Burke,nan,2,
Rhett Gardner,nan,1,
Anton Blidh,nan,2,
Colin White,nan,2,
Isak Rosen,nan,1,
Shane Bowers,nan,2,
Adam Raska,nan,2,
Cole Schwindt,nan,1,
Arshdeep Bains,nan,1,
Samuel Walker,nan,2,
Emil Heineman,nan,1,
Victor Mete,nan,2,
Jake Leschyshyn,nan,2,
Marc Johnstone,nan,1,
Cole Mcward,nan,2,
Kole Lind,nan,1,
Zach Aston-Reese,nan,2,
Samuel Laberge,nan,1,
Yaniv Perets,nan,1,
Brandon Scanlin,nan,1,
Ethan Del Mastro,nan,1,
Gage Goncalves,nan,1,
Felix Sandstrom,nan,2,
Joe Snively,nan,2,
Philip Kemp,nan,1,
Cameron Butler,nan,1,
Gavin Brindley,nan,1,
Jayson Megna,nan,2,
Max Mccormick,nan,1,
Andrew Poturalski,nan,1,
Matt Villalta,nan,1,
Ken Appleby,nan,1,
Dylan Ferguson,nan,1,
Jaxson Stauber,nan,1,
Kevin Mandolese,nan,1,
Kyle Criscuolo,nan,1,
Pavel Francouz,nan,1,
Keith Kinkaid,nan,1,
Craig Anderson,nan,1,
Andrew Agozzino,nan,1,
Brian Elliott,nan,1,
Alex Stalock,nan,1,
Patrice Bergeron,nan,1,
Connor Carrick,nan,1,
Jaroslav Halak,nan,1,
Thomas Greiss,nan,1,
Dustin Tokarski,nan,1,
Damien Giroux,nan,1,
David Krejci,nan,1,
Collin Delia,nan,1,
Ty Smith,nan,1,
Dan Renouf,nan,1,
Erik Kallgren,nan,1,
Aaron Dell,nan,1,
Jake Muzzin,nan,1,
Nick Abruzzese,nan,1,
Eetu Makiniemi,nan,1,
Jonathan Toews,nan,1,
Nick Ritchie,nan,1,
Steve Santini,nan,1,
Wade Allison,nan,1,
Jordie Benn,nan,1,
Alex Belzile,nan,1,
Jakub Voracek,nan,1,
Drew Helleson,nan,1,
Anders Bjork,nan,1,
Alex Chiasson,nan,1,
Austin Wagner,nan,1,
Mikey Eyssimont,nan,1,
Lukas Sedlak,nan,1,
Kyle Clifford,nan,1,
Jason Demers,nan,1,
Marcus Bjork,nan,1,
Olle Eriksson Ek,nan,1,
Michael Stone,nan,1,
Elmer Soderblom,nan,1,
Billy Sweezey,nan,1,
Eric Staal,nan,1,
Phil Kessel,nan,1,
Nick Robertson,nan,1,
Derick Brassard,nan,1,
Derek Grant,nan,1,
Stanislav Svozil,nan,1,
Buddy Robinson,nan,1,
Sheldon Dries,nan,1,
Robin Salo,nan,1,
Denis Malgin,nan,1,
Jordan Gross,nan,1,
Scott Harrington,nan,1,
Egor Sokolov,nan,1,
Gavin Bayreuther,nan,1,
David Gust,nan,1,
Josh Archibald,nan,1,
Jake Livingstone,nan,1,
Josh Leivo,nan,1,
Zac Dalpe,nan,1,
Jon Gillies,nan,1,
Joel Teasdale,nan,1,
Lane Pederson,nan,1,
Brett Ritchie,nan,1,
Josh Bailey,nan,1,
Alexander Edler,nan,1,
Nick Holden,nan,1,
Rudolfs Balcers,nan,1,
Evgeny Svechnikov,nan,1,
Dylan Wells,nan,1,
Matt Irwin,nan,1,
Guillaume Brisebois,nan,1,
Mac Hollowell,nan,1,
Kristian Reichel,nan,1,
Justin Richards,nan,1,
Radim Simek,nan,1,
Tucker Poolman,nan,1,
Leevi Merilainen,nan,1,
Corey Schueneman,nan,1,
Andy Andreoff,nan,1,
Joseph Cramarossa,nan,1,
Nick Cicek,nan,1,
Ben Harpur,nan,1,
Alexei Protas,nan,1,
Joona Luoto,nan,1,
Matej Blumel,nan,1,
Matt Luff,nan,1,
Tim Berni,nan,1,
Patrik Nemeth,nan,1,
Paul Stastny,nan,1,
Patric Hornqvist,nan,1,
Aatu Raty,nan,1,
Martin Kaut,nan,1,
Dylan Gambrell,nan,1,
Kieffer Bellows,nan,1,
Riley Stillman,nan,1,
Ryan Murray,nan,1,
Andreas Johnsson,nan,1,
Saku Maenalanen,nan,1,
Jack Rathbone,nan,1,
Jakub Zboril,nan,1,
Kyle Capobianco,nan,1,
Mike Hardman,nan,1,
Jesper Froden,nan,1,
Sean Farrell,nan,1,
Kevin Gravel,nan,1,
Arnaud Durandeau,nan,1,
Libor Hajek,nan,1,
Nathan Beaulieu,nan,1,
Lawrence Pilut,nan,1,
Gabriel Carlsson,nan,1,
Aidan Mcdonough,nan,1,
Derek Stepan,nan,1,
Alec Regula,nan,1,
Vitali Kravtsov,nan,1,
Christian Wolanin,nan,1,
Hunter Mckown,nan,1,
Karson Kuhlman,nan,1,
Otto Koivula,nan,1,
Rasmus Asplund,nan,1,
Charles Hudon,nan,1,
Elliot Desnoyers,nan,1,
Chris Wideman,nan,1,
Will Bitten,nan,1,
Matt Kiersted,nan,1,
Aleksi Heponiemi,nan,1,
Wayne Simmonds,nan,1,
Dysin Mayo,nan,1,
Brad Hunt,nan,1,
Markus Niemelainen,nan,1,
Colton White,nan,1,
Taylor Fedun,nan,1,
Logan Brown,nan,1,
Luke Philp,nan,1,
Frederic Allard,nan,1,
Nikita Soshnikov,nan,1,
Justin Braun,nan,1,
Marco Kasper,nan,1,
Anton Stralman,nan,1,
Austin Strand,nan,1,
Brad Malone,nan,1,
Tanner Laczynski,nan,1,
Laurent Dauphin,nan,1,
Casey Fitzgerald,nan,1,
Josh Dunne,nan,1,
Lucas Carlsson,nan,1,
Sampo Ranta,nan,1,
Jeffrey Viel,nan,1,
Ville Heinola,nan,1,
Darren Helm,nan,1,
Lias Andersson,nan,1,
Jeremy Davies,nan,1,
Nathan Smith,nan,1,
Jacob Larsson,nan,1,
Tristen Robins,nan,1,
Roland Mckeown,nan,1,
Filip Hallander,nan,1,
Fredrik Karlstrom,nan,1,
Dmitri Samorukov,nan,1,
Mikhail Maltsev,nan,1,
Filip Kral,nan,1,
Tyce Thompson,nan,1,
Taro Hirose,nan,1,
Drake Caggiula,nan,1,
Nick Swaney,nan,1,
Alex Galchenyuk,nan,1,
Dillon Heatherington,nan,1,
Zack Kassian,nan,1,
Mark Borowiecki,nan,1,
Jackson Cates,nan,1,
Cole Bardreau,nan,1,
Owen Beck,nan,1,
Lassi Thomson,nan,1,
Steven Fogarty,nan,1,
Jean-Sebastien Dea,nan,1,
Matt Berlin,nan,1,
Dennis Cholowski,nan,1,
Ondrej Kase,nan,1,
Tyler Benson,nan,1,
Gabriel Fortier,nan,1,
C.J. Suess,nan,1,
William Dufour,nan,1,
Riley Sheahan,nan,1,
Anton Levtchi,nan,1,
Samuel Knazko,nan,1,
Hayden Hodgson,nan,1,
Henrik Borgstrom,nan,1,
Semyon Der-Arguchintsev,nan,1,
Jett Alexander,nan,1,
Anton Khudobin,nan,1,
